eph_aglome,localidade,decil_NSE,poblacion,tasa_acceso,total_ha_accesibles,m2_accesibles_per_capita
Bahia Blanca - Cerri,Bahía Blanca,1,39156,0.781182960465829,214.7919958575329,54.85544893695293
Bahia Blanca - Cerri,Bahía Blanca,2,36259,0.9844728205411071,220.9484171383029,60.936158509143354
Bahia Blanca - Cerri,Bahía Blanca,3,32173,1,289.1647397437532,89.87807781175309
Bahia Blanca - Cerri,Bahía Blanca,4,34060,0.945713446858485,312.78758982752,91.83428943849675
Bahia Blanca - Cerri,Bahía Blanca,5,29738,0.9746788620620082,262.8717956196447,88.39592293350081
Bahia Blanca - Cerri,Bahía Blanca,6,26019,0.8973442484338369,393.8778578409553,151.38085931087102
Bahia Blanca - Cerri,Bahía Blanca,7,27711,0.9294143120060626,649.5101130564217,234.38710730627608
Bahia Blanca - Cerri,Bahía Blanca,8,24477,0.8512889651509581,382.23755917323075,156.1619312714919
Bahia Blanca - Cerri,Bahía Blanca,9,18395,0.9462897526501767,655.710434159729,356.4612308560636
Bahia Blanca - Cerri,Bahía Blanca,10,21850,0.9437986270022883,1913.002698371508,875.5161090945116
Bahia Blanca - Cerri,General Daniel Cerri,1,609,0,0,0
Bahia Blanca - Cerri,General Daniel Cerri,2,4108,1,5.5552834622595455,13.523085351167346
Bahia Blanca - Cerri,General Daniel Cerri,3,2028,1,3.4295518189491703,16.911005024404194
CABA,Ciudad Autónoma de Buenos Aires,1,377562,0.7210895164237926,6424.419819037219,170.15536041861256
CABA,Ciudad Autónoma de Buenos Aires,2,280969,0.8715801387341664,4459.390045829354,158.71466410277836
CABA,Ciudad Autónoma de Buenos Aires,3,291276,0.8644378527582087,3421.8116523079066,117.47660817602227
CABA,Ciudad Autónoma de Buenos Aires,4,275277,0.844527512287623,3304.031640837663,120.02570650063983
CABA,Ciudad Autónoma de Buenos Aires,5,273174,0.8552241428540052,2616.9461154655523,95.79777414635187
CABA,Ciudad Autónoma de Buenos Aires,6,279299,0.8747220720446547,2557.3183876511043,91.56203164533723
CABA,Ciudad Autónoma de Buenos Aires,7,277292,0.9225221066601272,3005.0945714417658,108.37292714689806
CABA,Ciudad Autónoma de Buenos Aires,8,271860,0.922136393732068,2713.899195814367,99.82708731752986
CABA,Ciudad Autónoma de Buenos Aires,9,274862,0.973433941396046,3803.220479520712,138.36836228801042
CABA,Ciudad Autónoma de Buenos Aires,10,287235,0.9627517537904503,10971.187711262375,381.958595270854
CABA,Ciudad Autónoma de Buenos Aires,NA,0,NaN,387.57610038678814,Inf
Comodoro Rivadavia - Rada Tilly,Comodoro Rivadavia,1,21589,0.24197507990180184,5.004434727307409,2.3180484169287174
Comodoro Rivadavia - Rada Tilly,Comodoro Rivadavia,2,19662,0.2042518563726986,4.8700979749981315,2.4769087452945433
Comodoro Rivadavia - Rada Tilly,Comodoro Rivadavia,3,20905,0.06687395359961731,1.4209271284800025,0.6797068301746005
Comodoro Rivadavia - Rada Tilly,Comodoro Rivadavia,4,20829,0.3708771424456287,7.127705287148058,3.422010315976791
Comodoro Rivadavia - Rada Tilly,Comodoro Rivadavia,5,18618,0.3885487162960576,6.666726370488945,3.580796202862254
Comodoro Rivadavia - Rada Tilly,Comodoro Rivadavia,6,22162,0.31761573865174625,10.330670089648361,4.661434026553723
Comodoro Rivadavia - Rada Tilly,Comodoro Rivadavia,7,15784,0.6736568677141409,18.140551562058715,11.493000229383373
Comodoro Rivadavia - Rada Tilly,Comodoro Rivadavia,8,17884,0.5096734511295012,29.0193970005885,16.22645772790679
Comodoro Rivadavia - Rada Tilly,Comodoro Rivadavia,9,11315,0.49924878479893947,16.219826721492574,14.334800460886058
Comodoro Rivadavia - Rada Tilly,Comodoro Rivadavia,10,6448,0.769696029776675,19.62686281672963,30.438683028426844
Comodoro Rivadavia - Rada Tilly,Rada Tilly,9,3629,0.6076054009368972,35.01141353153237,96.47675263580152
Comodoro Rivadavia - Rada Tilly,Rada Tilly,10,5469,0.545072225269702,48.188770754710674,88.11258137632231
Concordia,Concordia,1,19235,0.15118273979724461,95.84618929212934,49.82905603957855
Concordia,Concordia,2,23801,0.2822570480231923,64.9941824378871,27.307332649000926
Concordia,Concordia,3,16562,0.22720685907499094,38.14976663255096,23.03451674468721
Concordia,Concordia,4,17703,0.5426198949330622,243.7743975260115,137.70230894538298
Concordia,Concordia,5,15582,0.5090489025798999,180.8821683195566,116.08405103295893
Concordia,Concordia,6,13861,0.6467787316932401,166.3467821153988,120.01066453747839
Concordia,Concordia,7,13912,0.675316273720529,150.34482601374043,108.06844883103825
Concordia,Concordia,8,9768,0.9543407043407044,292.64126660163873,299.59179627522394
Concordia,Concordia,9,9793,1,73.85472936649639,75.41583719646317
Concordia,Concordia,10,6124,1,148.68434021273956,242.78958231995358
Corrientes,Corrientes,1,48316,0.48532577200099347,35.91728001457241,7.433827306600797
Corrientes,Corrientes,2,40056,0.4769073297383663,51.140573430227896,12.767269180703988
Corrientes,Corrientes,3,43291,0.5240812178050865,42.143765030141566,9.734994578582516
Corrientes,Corrientes,4,39709,0.5499760759525548,48.47902210128026,12.208572893117493
Corrientes,Corrientes,5,35483,0.8312713130231378,44.57107874184728,12.561248694261273
Corrientes,Corrientes,6,33609,0.7719063346127525,51.257400726160945,15.251093673171157
Corrientes,Corrientes,7,31316,0.7537361093370801,32.18983198426135,10.279036909011799
Corrientes,Corrientes,8,27110,0.782995204721505,62.83064108978387,23.17618631124451
Corrientes,Corrientes,9,23796,0.9043116490166414,182.88392233181807,76.85490096311064
Corrientes,Corrientes,10,21860,1,281.3964609343364,128.72665184553358
Formosa,Formosa,1,22830,0.33434077967586506,20.824985514724627,9.121763256559188
Formosa,Formosa,2,28134,0.7026729224425962,74.13178434306141,26.349535914929056
Formosa,Formosa,3,25589,0.6947516511000821,85.54704860398306,33.431180821440094
Formosa,Formosa,4,22142,0.43022310541053205,70.80342034942252,31.976976040747232
Formosa,Formosa,5,24486,0.7543085844972638,150.99174482394508,61.6645204704505
Formosa,Formosa,6,22987,0.5759342236916518,154.17572374038377,67.07083296662626
Formosa,Formosa,7,22578,0.8372752236690584,191.25577644354985,84.70890975442902
Formosa,Formosa,8,18102,0.8199646447906309,113.83874542381443,62.887385605907866
Formosa,Formosa,9,18382,0.8456098357088456,141.45176104798972,76.9512354738275
Formosa,Formosa,10,14930,0.981848626925653,194.4008793505738,130.20822461525373
Formosa,Formosa,NA,0,NaN,3.794437101579085,Inf
Gran Catamarca,San Fernando del Valle de Catamarca,1,25277,0.6933575978161965,888.6365542758576,351.5593441768634
Gran Catamarca,San Fernando del Valle de Catamarca,2,15896,0.8263085052843483,871.8295147137728,548.458426468151
Gran Catamarca,San Fernando del Valle de Catamarca,3,10012,0.5307630842988413,12.310037772893976,12.295283432774646
Gran Catamarca,San Fernando del Valle de Catamarca,4,15463,0.883593093190196,305.38296902373634,197.49270453581863
Gran Catamarca,San Fernando del Valle de Catamarca,5,12335,0.7649777057154439,20.84577282736923,16.899694225674285
Gran Catamarca,San Fernando del Valle de Catamarca,6,10691,0.8978580114114676,14.519697415493336,13.58123413665077
Gran Catamarca,San Fernando del Valle de Catamarca,7,14801,0.9291939733801771,601.3016837684905,406.2574716360317
Gran Catamarca,San Fernando del Valle de Catamarca,8,13676,0.8332114653407429,317.61663449416983,232.24380995478927
Gran Catamarca,San Fernando del Valle de Catamarca,9,16614,0.8798603587335981,338.19142947592235,203.55810128561595
Gran Catamarca,San Fernando del Valle de Catamarca,10,11165,0.8984326018808777,57.88472299485512,51.84480339888501
Gran Catamarca,San Isidro,2,5926,0.4449881876476544,1.8462896222576033,3.1155747928747943
Gran Catamarca,San Isidro,3,4286,0,0,0
Gran Catamarca,San Isidro,4,1378,1,0.5501864230512176,3.9926445794718255
Gran Catamarca,San Isidro,5,3242,0,0,0
Gran Catamarca,San Isidro,6,6822,0.30284374083846377,2.1476452739392875,3.148116789708718
Gran Catamarca,San Isidro,7,3343,0,0,0
Gran Catamarca,San Isidro,8,677,0,0,0
Gran Catamarca,San José,2,598,0,0,0
Gran Catamarca,San José,3,3790,0,0,0
Gran Catamarca,San José,4,2746,0,0,0
Gran Catamarca,San José,5,1634,1,1.3267100618261845,8.119400623171263
Gran Catamarca,San José,6,1474,0.4728629579375848,0.6565872178147314,4.454458736870634
Gran Córdoba,Agua de Oro,4,950,0,0,0
Gran Córdoba,Agua de Oro,5,445,0,0,0
Gran Córdoba,Agua de Oro,6,289,0,0,0
Gran Córdoba,Agua de Oro,7,234,0,0,0
Gran Córdoba,Córdoba,1,194624,0.6520007809930943,408.9779171160879,21.013745330282383
Gran Córdoba,Córdoba,2,165316,0.748245783832176,374.7497092523786,22.668689615789066
Gran Córdoba,Córdoba,3,149442,0.8034689043240856,351.70490197654505,23.53454196119866
Gran Córdoba,Córdoba,4,134336,0.8960442472606003,584.7236411809273,43.52695042140061
Gran Córdoba,Córdoba,5,109865,0.8497337641651117,497.97436388688794,45.32602411021599
Gran Córdoba,Córdoba,6,124009,0.8838310122652389,811.6848244312205,65.45370291117746
Gran Córdoba,Córdoba,7,116910,0.8712428363698571,1142.5794858605339,97.7315444239615
Gran Córdoba,Córdoba,8,104097,0.9498352498150763,1467.8480560095584,141.00771933961192
Gran Córdoba,Córdoba,9,98790,0.8787427877315518,2332.714598804525,236.12861613569441
Gran Córdoba,Córdoba,10,99536,0.9104846487702941,6860.789045483938,689.2771505268383
Gran Córdoba,El Manzano,1,531,0,0,0
Gran Córdoba,El Manzano,2,361,0,0,0
Gran Córdoba,La Calera,1,4576,0.37521853146853146,8.370292859585955,18.29172390643784
Gran Córdoba,La Calera,2,9209,0.46726028884786625,11.961088947689023,12.988477519479881
Gran Córdoba,La Calera,3,5805,0.8744186046511628,20.078107690466663,34.58761014722939
Gran Córdoba,La Calera,4,4012,0.9202392821535393,26.001189225857054,64.80854742237551
Gran Córdoba,La Calera,5,3007,1,17.32033869524272,57.600062172406794
Gran Córdoba,La Calera,6,1528,1,3.6374117494952865,23.805050716592188
Gran Córdoba,La Calera,7,1773,0.8967851099830795,5.304770554539655,29.919743680426702
Gran Córdoba,La Calera,9,537,1,8.680850530614332,161.6545722646989
Gran Córdoba,La Calera,10,1525,0.3777049180327869,8.680850530614332,56.9236100368153
Gran Córdoba,La Granja,3,544,0,0,0
Gran Córdoba,La Granja,4,453,0,0,0
Gran Córdoba,La Granja,5,1459,0.7422892392049348,7.58244482220253,51.97014956958554
Gran Córdoba,Mendiolaza,5,1087,0,0,0
Gran Córdoba,Mendiolaza,7,2451,0,0,0
Gran Córdoba,Mendiolaza,8,2933,0.5052846914422093,3.02420766959209,10.310970574811082
Gran Córdoba,Mendiolaza,9,2656,0,0,0
Gran Córdoba,Mendiolaza,10,1144,0,0,0
Gran Córdoba,Parque Norte - Ciudad de los Niños - Villa Pastora - Almirante Brown - Guiñazú Norte - 1 de Agosto,1,3740,0,0,0
Gran Córdoba,Parque Norte - Ciudad de los Niños - Villa Pastora - Almirante Brown - Guiñazú Norte - 1 de Agosto,2,197,0,0,0
Gran Córdoba,Parque Norte - Ciudad de los Niños - Villa Pastora - Almirante Brown - Guiñazú Norte - 1 de Agosto,3,1773,0,0,0
Gran Córdoba,Río Ceballos,2,812,0,0,0
Gran Córdoba,Río Ceballos,3,5155,0,0,0
Gran Córdoba,Río Ceballos,4,2486,0,0,0
Gran Córdoba,Río Ceballos,5,6317,0,0,0
Gran Córdoba,Río Ceballos,6,3623,0,0,0
Gran Córdoba,Río Ceballos,7,824,0,0,0
Gran Córdoba,Río Ceballos,8,471,0,0,0
Gran Córdoba,Saldán,3,2572,0,0,0
Gran Córdoba,Saldán,4,3717,0.43260694108151737,3.0697464710252795,8.258666857748937
Gran Córdoba,Saldán,5,2233,1,1.3256562218917534,5.9366601965595756
Gran Córdoba,Saldán,6,2083,1,3.732574581971156,17.919225069472667
Gran Córdoba,Salsipuedes,1,614,0,0,0
Gran Córdoba,Salsipuedes,2,1972,0.29969574036511154,1.2321767598493956,6.248360851163263
Gran Córdoba,Salsipuedes,3,1487,1,2.8725253984861774,19.317588422906372
Gran Córdoba,Salsipuedes,4,2166,0.6181902123730378,8.197113442837907,37.84447572870686
Gran Córdoba,Salsipuedes,5,2971,0.5227196230225514,6.609067303807288,22.245261877506863
Gran Córdoba,Salsipuedes,6,402,1,3.304533651903644,82.20232964934439
Gran Córdoba,Unquillo,1,1246,0,0,0
Gran Córdoba,Unquillo,2,2991,0,0,0
Gran Córdoba,Unquillo,3,2131,0.3697794462693571,1.8260433532205878,8.568950507839453
Gran Córdoba,Unquillo,4,2740,0.27116788321167884,1.8260433532205878,6.664391800075138
Gran Córdoba,Unquillo,5,6744,0,0,0
Gran Córdoba,Unquillo,6,1385,0,0,0
Gran Córdoba,Unquillo,7,849,0,0,0
Gran Córdoba,Villa Allende,1,1098,0,0,0
Gran Córdoba,Villa Allende,2,3004,0.6208388814913449,5.393881225888641,17.955663202026102
Gran Córdoba,Villa Allende,3,1059,1,1.2754570107815788,12.04397555034541
Gran Córdoba,Villa Allende,4,1782,0.49719416386083054,2.1778058156621873,12.22113252335683
Gran Córdoba,Villa Allende,5,5673,0.6234796404019037,4.575014072239469,8.064540934672078
Gran Córdoba,Villa Allende,6,3837,0.783163930153766,4.479969413503446,11.675708661723863
Gran Córdoba,Villa Allende,7,3157,0.6613873930947102,3.5081285929887787,11.112222340794357
Gran Córdoba,Villa Allende,8,3122,0,0,0
Gran Córdoba,Villa Allende,9,610,0,0,0
Gran Córdoba,Villa Allende,10,2396,0,0,0
Gran La Plata,Berisso,1,14703,0.5026865265592056,12.866124624165426,8.750679877688516
Gran La Plata,Berisso,2,20789,0.42503246909423253,21.00917457566699,10.10590917103612
Gran La Plata,Berisso,3,19835,0.47577514494580286,18.568566065952275,9.36151553614937
Gran La Plata,Berisso,4,16434,0.6346598515273214,37.57291475381241,22.862915147750037
Gran La Plata,Berisso,5,9139,0.949338001969581,63.99635868825226,70.0255593481259
Gran La Plata,Berisso,6,2696,0.8601632047477745,73.03265209476649,270.89262646426744
Gran La Plata,Berisso,7,448,1,30.71103292704504,685.5141278358268
Gran La Plata,Ensenada,1,11905,0.5435531289374212,10639.641498635696,8937.120116451655
Gran La Plata,Ensenada,2,11816,0.39937373053486797,184.2903805762066,155.96680820599744
Gran La Plata,Ensenada,3,13501,0.56566180282942,187.5898233674847,138.94513248461945
Gran La Plata,Ensenada,4,8812,1,596.2228912664265,676.6033718411559
Gran La Plata,Ensenada,5,6689,0.8433248617132606,12.015082873881864,17.962450102977822
Gran La Plata,Ensenada,6,969,1,0.8892115858929232,9.176590153693738
Gran La Plata,Ensenada,7,357,0,0,0
Gran La Plata,Ensenada,8,723,0,0,0
Gran La Plata,La Plata,1,84569,0.2571036668282704,26.2571789549629,3.1048231568261304
Gran La Plata,La Plata,2,74180,0.42549204637368565,495.9550568701667,66.85832527233306
Gran La Plata,La Plata,3,63168,0.3342198581560284,10866.104149527791,1720.1912597403418
Gran La Plata,La Plata,4,63975,0.4278233685033216,62118.580035629566,9709.821029406732
Gran La Plata,La Plata,5,62822,0.37201935627646365,20911.99232331097,3328.768954078343
Gran La Plata,La Plata,6,67081,0.5639748960212281,11719.948100319883,1747.1337786138972
Gran La Plata,La Plata,7,65574,0.7800347698783054,1662.3382804777068,253.50570050289852
Gran La Plata,La Plata,8,59602,0.7802254957887319,1425.5923693524164,239.1853242093246
Gran La Plata,La Plata,9,52843,0.90672369093352,1423.0202785528702,269.29210653310184
Gran La Plata,La Plata,10,44869,0.9583231184113753,1381.2609177220784,307.84303588715557
Gran La Plata,Ruta Sol,1,1535,0,0,0
Gran La Plata,Ruta Sol,2,343,0,0,0
Gran Mendoza,Godoy Cruz,1,24175,0.5176421923474664,955.5788845931496,395.27565029706295
Gran Mendoza,Godoy Cruz,2,19608,0.5298347613219094,40.94127902829886,20.879885265350293
Gran Mendoza,Godoy Cruz,3,15520,0.46836340206185567,141.8509492134272,91.39880748287835
Gran Mendoza,Godoy Cruz,4,16286,0.46303573621515415,483.6286413687529,296.9597454063324
Gran Mendoza,Godoy Cruz,5,22780,0.5862598770851625,1491.2227589111646,654.6192971515209
Gran Mendoza,Godoy Cruz,6,18916,0.5998096849228166,963.0016725016643,509.09371563843536
Gran Mendoza,Godoy Cruz,7,24811,0.7034379912135746,534.2879416009216,215.34317101322864
Gran Mendoza,Godoy Cruz,8,22440,0.6258021390374332,582.9277286541835,259.7717150865345
Gran Mendoza,Godoy Cruz,9,14459,0.8829794591603846,522.2962329348065,361.22569536953216
Gran Mendoza,Godoy Cruz,10,10763,0.8275573724797919,2274.7546519174025,2113.4949845929596
Gran Mendoza,Guaymallén,1,21106,0.33398085852364257,6.496132838484156,3.0778607213513482
Gran Mendoza,Guaymallén,2,32398,0.581548243718748,28.409389414739703,8.76887135463291
Gran Mendoza,Guaymallén,3,34155,0.7063973063973064,321.1212240271118,94.01880369700243
Gran Mendoza,Guaymallén,4,36695,0.5717400190761684,256.12737951377204,69.79898610540184
Gran Mendoza,Guaymallén,5,28432,0.6378728193584693,752.7444565370508,264.7525522429132
Gran Mendoza,Guaymallén,6,35836,0.7337593481415337,975.0028156817185,272.07356169263267
Gran Mendoza,Guaymallén,7,24013,0.8398367550909924,1542.8705471646497,642.5146991898762
Gran Mendoza,Guaymallén,8,21047,0.8595999429847484,1067.4222005868273,507.16121090265943
Gran Mendoza,Guaymallén,9,12024,0.6995176314038589,270.3171203066966,224.8146376469533
Gran Mendoza,Guaymallén,10,5281,1,124.07881890991601,234.95326436265105
Gran Mendoza,Las Heras,1,45410,0.23188724950451442,9.898649412661092,2.1798391131162944
Gran Mendoza,Las Heras,2,38410,0.33647487633428796,22.276045808445875,5.799543298215537
Gran Mendoza,Las Heras,3,26966,0.5319290958985389,28.513909678688645,10.574022724426554
Gran Mendoza,Las Heras,4,26287,0.5640811047285731,28.158576352498354,10.711977917791438
Gran Mendoza,Las Heras,5,18276,0.6957758809367477,20.115789490400765,11.006669670825543
Gran Mendoza,Las Heras,6,8972,0.44872938029424875,6.777973028878216,7.554584294335951
Gran Mendoza,Las Heras,7,10015,0.5618572141787319,14.78799229015461,14.765843524867309
Gran Mendoza,Las Heras,8,4202,0.5111851499286054,5.275905578692723,12.555701044009336
Gran Mendoza,Las Heras,9,7451,0.5428801503153939,12.900892646747455,17.31431035666012
Gran Mendoza,Las Heras,10,2543,0.5878883208808494,13.839436247319199,54.42169188878961
Gran Mendoza,Luján de Cuyo,1,7383,1,11.013977879008488,14.918025029132451
Gran Mendoza,Luján de Cuyo,2,4565,0.8433734939759037,4.535025328962915,9.934338070017338
Gran Mendoza,Luján de Cuyo,3,7285,0.6867536032944407,7.877392004348111,10.813166787025546
Gran Mendoza,Luján de Cuyo,4,6459,0.6501006347731847,8.009232220560076,12.400111813841269
Gran Mendoza,Luján de Cuyo,5,7154,0.7425216662007269,4.365291334277764,6.101888921271686
Gran Mendoza,Luján de Cuyo,6,7758,0.7119102861562259,5.045736931344495,6.503914580232657
Gran Mendoza,Luján de Cuyo,7,9973,0.5749523714027875,5.140958890917571,5.154877058976808
Gran Mendoza,Luján de Cuyo,8,9297,0.2436269764440142,6.634320168127166,7.1359795290170664
Gran Mendoza,Luján de Cuyo,9,7819,0.3196060877350045,5.444893917054998,6.963670440024297
Gran Mendoza,Luján de Cuyo,10,14440,0.18746537396121885,4.034434392165998,2.793929634463988
Gran Mendoza,Luján de Cuyo,NA,0,NaN,0.5919392627961002,Inf
Gran Mendoza,Maipú,1,11866,0.718186414967133,32.95270770042992,27.77069585406196
Gran Mendoza,Maipú,2,19108,0.47786267531923804,112.6658321990165,58.96265030302308
Gran Mendoza,Maipú,3,18184,0.5749560052793665,125.07667103756043,68.78391500085813
Gran Mendoza,Maipú,4,14502,0.8001654944145635,100.37997116927771,69.2180190106728
Gran Mendoza,Maipú,5,12087,0.8472739306693141,189.44841335062497,156.73733213421443
Gran Mendoza,Maipú,6,13363,0.7517772955174736,109.71936084451755,82.10683293011864
Gran Mendoza,Maipú,7,9209,0.7356933434683461,89.6524633842699,97.35309304405462
Gran Mendoza,Maipú,8,3754,1,39.17815499784647,104.36375865169545
Gran Mendoza,Maipú,9,3127,0.6239206907579149,37.47497443059048,119.84321851803799
Gran Mendoza,Mendoza,1,15440,0.48497409326424873,60.01031462582112,38.86678408408103
Gran Mendoza,Mendoza,2,6784,0.41303066037735847,9.489961524314277,13.988740454472694
Gran Mendoza,Mendoza,3,1314,0,0,0
Gran Mendoza,Mendoza,5,3294,1,11.550973668754759,35.066708162582756
Gran Mendoza,Mendoza,6,6795,1,88.9319943852125,130.87857893335172
Gran Mendoza,Mendoza,7,8406,1,102.85692749863212,122.36132226818
Gran Mendoza,Mendoza,8,17568,1,1177.1739915722758,670.0671627802116
Gran Mendoza,Mendoza,9,24130,0.9362204724409449,3475.9350853910482,1440.5035579739115
Gran Mendoza,Mendoza,10,29784,0.8885979049153908,17422.26845436133,5849.539502538722
Gran Mendoza,Mendoza,NA,1378,1,440.2715728735972,3195.0041572829987
Gran Paraná,Colonia Avellaneda,1,17,1,0.8774372825152881,516.1395779501694
Gran Paraná,Colonia Avellaneda,2,1177,0.6822429906542056,1.6321423933165962,13.866970206598099
Gran Paraná,Colonia Avellaneda,3,1124,1,1.7548745650305762,15.61276303407986
Gran Paraná,Colonia Avellaneda,4,441,0.024943310657596373,0.8774372825152881,19.89653701848726
Gran Paraná,Colonia Avellaneda,5,72,0,0,0
Gran Paraná,Colonia Avellaneda,9,139,0,0,0
Gran Paraná,Oro Verde,3,227,0,0,0
Gran Paraná,Oro Verde,7,1454,0.43810178817056394,3.6419467033130086,25.047776501464984
Gran Paraná,Oro Verde,8,1035,0.5690821256038647,6.499648260937326,62.798533922099764
Gran Paraná,Oro Verde,9,716,1,106.60913592553838,1488.9544123678545
Gran Paraná,Oro Verde,10,684,1,6.499648260937326,95.02409738212465
Gran Paraná,Paraná,1,28905,0.6846220377097388,59.72625470610044,20.66294921504945
Gran Paraná,Paraná,2,26503,0.614005961589254,102.54457667828426,38.69168648012838
Gran Paraná,Paraná,3,25443,0.5151908186927642,57.717742572696416,22.685116760089773
Gran Paraná,Paraná,4,23166,0.5023741690408358,31.786617973572053,13.721237146495751
Gran Paraná,Paraná,5,30162,0.6613951329487434,158.49855990516818,52.54908822530607
Gran Paraná,Paraná,6,30395,0.5857213357460108,177.16197131711607,58.286550852810024
Gran Paraná,Paraná,7,25152,0.49387722646310434,120.99442579556155,48.10529015408777
Gran Paraná,Paraná,8,23634,0.432047050858932,153.44658934452826,64.92620349688087
Gran Paraná,Paraná,9,16531,0.8928074526646905,195.12820705653888,118.03775153138885
Gran Paraná,Paraná,10,16487,0.9635470370595014,552.1222532491203,334.88339494700085
Gran Paraná,San Benito,1,1700,1,5.862441649059946,34.48495087682321
Gran Paraná,San Benito,2,3472,0.7871543778801844,6.153979720161116,17.724595968205982
Gran Paraná,San Benito,3,1084,0.5618081180811808,1.8794724808054744,17.338307018500686
Gran Paraná,San Benito,4,2039,0.6194212849435998,7.774178324998319,38.12740718488631
Gran Paraná,San Benito,5,810,1,5.305587942871335,65.50108571446093
Gran Paraná,Sauce Montrull,1,148,0,0,0
Gran Paraná,Sauce Montrull,2,129,0,0,0
Gran Paraná,Sauce Montrull,3,179,0,0,0
Gran Paraná,Sauce Montrull,4,290,0,0,0
Gran Resistencia,Barranqueras,1,4690,0.2876332622601279,0.9018420384460304,1.9229041331471861
Gran Resistencia,Barranqueras,2,11988,0.08291624958291625,0.9018420384460304,0.7522873193577164
Gran Resistencia,Barranqueras,3,5145,0.15471331389698736,1.0852960993067826,2.1094190462716864
Gran Resistencia,Barranqueras,4,5602,0.5712245626561943,6.91564889256442,12.344964106684076
Gran Resistencia,Barranqueras,5,5188,0.49942174248265225,5.919985498729115,11.41092039076545
Gran Resistencia,Barranqueras,6,9947,0.7336885493113502,20.70521184981661,20.81553418097578
Gran Resistencia,Barranqueras,7,10782,1,21.934360121960893,20.343498536413367
Gran Resistencia,Barranqueras,8,1356,1,2.489270786129916,18.357454174999383
Gran Resistencia,Fontana,1,8319,0.6873422286332492,6.145933282064763,7.387827000919296
Gran Resistencia,Fontana,2,6754,0.34527687296416937,2.8127143253200453,4.164516324133913
Gran Resistencia,Fontana,3,4036,0.7301783944499505,6.634533683872968,16.438388711280894
Gran Resistencia,Fontana,4,5588,0.822655690765927,15.04085572814273,26.916348833469456
Gran Resistencia,Fontana,5,5021,1,3.3483629960692953,6.668717379146177
Gran Resistencia,Fontana,6,633,1,2.247809551807097,35.51041945982776
Gran Resistencia,Fontana,7,919,0,0,0
Gran Resistencia,Fontana,8,757,1,2.783458222556347,36.76959342874963
Gran Resistencia,Puerto Vilelas,1,1803,0,0,0
Gran Resistencia,Puerto Vilelas,2,966,0,0,0
Gran Resistencia,Puerto Vilelas,4,3353,0,0,0
Gran Resistencia,Puerto Vilelas,5,2156,0.5496289424860853,0.9018420384460304,4.182940809118879
Gran Resistencia,Resistencia,1,26207,0.4176365093295684,102.29994736357841,39.03535214392277
Gran Resistencia,Resistencia,2,28698,0.7904383580737334,68.26130433112968,23.78608416305306
Gran Resistencia,Resistencia,3,32122,0.5409065438017558,92.51271618594384,28.80042219847576
Gran Resistencia,Resistencia,4,30120,0.5220451527224436,98.46190453260279,32.68987534282961
Gran Resistencia,Resistencia,5,28597,0.44798405427142707,89.23910552177252,31.20575777940781
Gran Resistencia,Resistencia,6,27870,0.7705418012199498,67.02217120139292,24.04814180171974
Gran Resistencia,Resistencia,7,27532,0.7085209937527241,108.39933334684402,39.37212456299724
Gran Resistencia,Resistencia,8,32799,0.8879234122991555,165.57609964493435,50.48205727154314
Gran Resistencia,Resistencia,9,30585,0.8262547000163479,184.95435969080046,60.472244463233764
Gran Resistencia,Resistencia,10,26193,0.9436108884052992,302.2213527841187,115.38248875047483
Gran Rosario,Capitán Bermúdez,1,7678,1,4.024891056877806,5.242108696115924
Gran Rosario,Capitán Bermúdez,2,5263,0.737602128063842,2.375855022947234,4.514259971398887
Gran Rosario,Capitán Bermúdez,3,3427,1,1.9053444508891435,5.5598028914185695
Gran Rosario,Capitán Bermúdez,4,2027,1,1.3448234329326079,6.634550729810597
Gran Rosario,Capitán Bermúdez,5,9223,1,14.544235125942855,15.769527405337586
Gran Rosario,Capitán Bermúdez,6,649,1,0.784302414976072,12.084782973437164
Gran Rosario,Fray Luis Beltrán,1,3647,0,0,0
Gran Rosario,Fray Luis Beltrán,2,1041,0,0,0
Gran Rosario,Fray Luis Beltrán,3,2403,0.5530586766541823,0.6625607344295363,2.757223197792494
Gran Rosario,Fray Luis Beltrán,4,6478,0.8487187403519605,3.8733246901042175,5.979198348416514
Gran Rosario,Fray Luis Beltrán,5,1349,1,1.2230817523860722,9.066580818280743
Gran Rosario,Funes,5,2355,1,10.348138529311685,43.941140251854286
Gran Rosario,Funes,6,3445,1,1.9172879810741752,5.56542229629659
Gran Rosario,Funes,7,5087,0.607430705720464,23.43430312028682,46.067039748942044
Gran Rosario,Funes,8,9215,0.7463917525773196,49.27326217653896,53.47071315956479
Gran Rosario,Funes,9,1478,0.2354533152909337,10.704303910972213,72.42424838276192
Gran Rosario,Funes,10,1172,0,0,0
Gran Rosario,Granadero Baigorria,1,7031,0.21518987341772153,1.5519925647769124,2.207356798146654
Gran Rosario,Granadero Baigorria,2,7676,0.1341844710786868,53.44172826314745,69.62184505360534
Gran Rosario,Granadero Baigorria,3,5015,0.44187437686939185,3.1039851295538248,6.189402052948803
Gran Rosario,Granadero Baigorria,4,3539,0.6524441932749364,4.174957560519595,11.796997910482043
Gran Rosario,Granadero Baigorria,5,4575,0.4098360655737705,18.887632903492985,41.2844435049027
Gran Rosario,Granadero Baigorria,6,6197,0.5147652089720832,141.1601198839684,227.78783263509507
Gran Rosario,Granadero Baigorria,7,2448,0.6711601307189542,29.116206020341885,118.93875008309594
Gran Rosario,Pérez,1,7602,1,3.7040933586885223,4.872524807535546
Gran Rosario,Pérez,2,5383,0.3094928478543563,0.9260233396721306,1.720273712933551
Gran Rosario,Pérez,3,2742,0.3278628738147338,0.7441721532971598,2.71397575965412
Gran Rosario,Pérez,4,6926,0.36269130811435174,4.314413531168166,6.229300507028828
Gran Rosario,Pérez,5,1435,1,7.349275292561657,51.21446196907078
Gran Rosario,Pérez,6,2360,1,11.023912938842486,46.71149550356985
Gran Rosario,Puerto General San Martín,1,2152,0,0,0
Gran Rosario,Puerto General San Martín,2,8218,0.727427597955707,22.733639608687746,27.663226586380805
Gran Rosario,Puerto General San Martín,3,2023,1,18.612081685386705,92.00238104491697
Gran Rosario,Puerto General San Martín,4,850,1,1.100249677603424,12.944113854157932
Gran Rosario,Roldán,2,2753,1,14.59035252374421,52.99801134669165
Gran Rosario,Roldán,3,1927,1,0.6470191199125606,3.3576498179167644
Gran Rosario,Roldán,4,1518,1,13.640053691515895,89.8554261628188
Gran Rosario,Roldán,5,1140,1,13.640053691515895,119.64959378522715
Gran Rosario,Roldán,6,4748,0.7243049705139006,55.37035744161809,116.61827599329843
Gran Rosario,Roldán,7,687,1,14.287072811428455,207.96321414015216
Gran Rosario,Roldán,8,1022,0.6575342465753424,2.364469385641499,23.135708274378658
Gran Rosario,Rosario,1,117407,0.6847291899120155,5287.15981120646,450.3274771697139
Gran Rosario,Rosario,2,115225,0.541991755261445,3150.2346284737837,273.3985357755508
Gran Rosario,Rosario,3,119427,0.5902601589255361,4318.342038254275,361.5884212325752
Gran Rosario,Rosario,4,103651,0.6344174199959479,4282.308952437064,413.14690185691063
Gran Rosario,Rosario,5,88859,0.6622064169076852,2227.886628892148,250.7215508718473
Gran Rosario,Rosario,6,87787,0.7702848941187191,919.68716841705,104.76348074510462
Gran Rosario,Rosario,7,88397,0.8473364480695046,2424.8093061761915,274.3090043979085
Gran Rosario,Rosario,8,75223,0.9546415325100036,1414.2171735029763,188.00329334152804
Gran Rosario,Rosario,9,78962,0.988450140573947,2050.4455545685187,259.6749771495806
Gran Rosario,Rosario,10,73374,0.9478289312290457,2363.802165428748,322.1580076633069
Gran Rosario,Rosario,NA,0,NaN,2.587118952310164,Inf
Gran Rosario,San Lorenzo,1,4843,0.340697914515796,4.729333552663785,9.765297445103831
Gran Rosario,San Lorenzo,2,9651,0.6007667599212517,12.291529796949774,12.736016782664775
Gran Rosario,San Lorenzo,3,6979,0.27296174236996706,1.3260516299582261,1.900059650319854
Gran Rosario,San Lorenzo,4,7345,0.49271613342409804,5.252982379458644,7.151779958418849
Gran Rosario,San Lorenzo,5,4884,1,16.225429137852796,33.22159938135298
Gran Rosario,San Lorenzo,6,5329,0.8172264965284294,20.531072611195377,38.5270643858048
Gran Rosario,San Lorenzo,7,4869,0.6451016635859519,42.138363980102874,86.54418562354256
Gran Rosario,San Lorenzo,8,2058,1,20.005653782144613,97.2092020512372
Gran Rosario,Soldini,6,2477,0,0,0
Gran Rosario,Villa Gobernador Gálvez,1,34941,0.17297730459918148,185.87203928595198,53.19597014566039
Gran Rosario,Villa Gobernador Gálvez,2,21059,0.35248587302341045,186.41880867265277,88.52215616726947
Gran Rosario,Villa Gobernador Gálvez,3,8189,0.5436561240688729,541.1633793873718,660.8418358619757
Gran Rosario,Villa Gobernador Gálvez,4,5618,0.6149875400498398,182.76100412671624,325.3132860924105
Gran Rosario,Villa Gobernador Gálvez,5,8144,0.6486984282907662,548.0559837691387,672.9567580662313
Gran Rosario,Villa Gobernador Gálvez,6,2818,0.4673527324343506,2.359678239747323,8.373592050203417
Gran San Juan,Chimbas,1,18277,0.7616129561744269,10.93715538608106,5.984108653543283
Gran San Juan,Chimbas,2,18126,0.43114862628268785,9.105776050116308,5.02359927734542
Gran San Juan,Chimbas,3,16413,0.7258880155973924,38.61221804475187,23.52538722034477
Gran San Juan,Chimbas,4,15636,0.5054361729342542,15.001810474962916,9.59440424338892
Gran San Juan,Chimbas,5,10031,0.5451101585086233,8.124211095679517,8.099103873671137
Gran San Juan,Chimbas,6,3839,0.6254232873144048,3.7394870101085864,9.740784084679829
Gran San Juan,Chimbas,7,4936,0.7595218800648298,9.298759289703623,18.838653342187243
Gran San Juan,El Rincón,3,478,0,0,0
Gran San Juan,Rawson,1,13924,0.9216460787130135,36.952366057959324,26.538613945676044
Gran San Juan,Rawson,2,10105,0.4997525977238991,13.247193944123246,13.109543734906726
Gran San Juan,Rawson,3,22808,0.7859084531743248,69.01914536467451,30.26093711183555
Gran San Juan,Rawson,4,17227,0.7968886050966506,13.204987286856678,7.665285474462575
Gran San Juan,Rawson,5,16097,0.5955146921786668,25.08732907385307,15.585096026497528
Gran San Juan,Rawson,6,13074,0.757916475447453,16.885965605140303,12.915684262766026
Gran San Juan,Rawson,7,9596,0.4819716548561901,4.76566414727401,4.96630277956858
Gran San Juan,Rawson,8,5548,0.6757390050468637,3.530809018915752,6.364111425587152
Gran San Juan,Rawson,9,1045,0,0,0
Gran San Juan,Rivadavia,1,6280,0.33343949044585985,3.8144207373497188,6.073918371575985
Gran San Juan,Rivadavia,2,2944,0.3179347826086957,4.461692796260491,15.155206509036992
Gran San Juan,Rivadavia,3,8513,0.4476682720545049,2.1227671222876525,2.49355940595284
Gran San Juan,Rivadavia,4,6166,0.6183911774245865,8.445736735540686,13.697270086832122
Gran San Juan,Rivadavia,5,5440,0.8014705882352942,12.201644842764118,22.429494196257572
Gran San Juan,Rivadavia,6,9793,1,15.523515887877418,15.851644938096005
Gran San Juan,Rivadavia,7,13689,0.657754401344145,22.601585786115344,16.510764691442287
Gran San Juan,Rivadavia,8,10823,0.7340848193661647,30.27425176640292,27.972144291234336
Gran San Juan,Rivadavia,9,12091,0.6132660656686791,24.553847178906274,20.307540467212203
Gran San Juan,Rivadavia,10,6843,0.8326757270203128,23.299145998721468,34.048145548328904
Gran San Juan,San Juan,1,2315,0.3956803455723542,4.027439762999863,17.39714800431906
Gran San Juan,San Juan,2,1102,1,0.5132863991949708,4.657771317558718
Gran San Juan,San Juan,3,1245,1,4.027439762999863,32.34891375903504
Gran San Juan,San Juan,4,7268,0.2945789763346175,8.054879525999725,11.082663079251136
Gran San Juan,San Juan,5,9539,0.34814970122654365,5.421177228216734,5.683171431194815
Gran San Juan,San Juan,6,11281,0.6707738675649322,13.792757638061,12.22653810660491
Gran San Juan,San Juan,7,16209,0.9087543957060892,74.213367546804207,45.785284438771185
Gran San Juan,San Juan,8,15727,0.9050041330196478,68.22941106091817,43.3836148413036
Gran San Juan,San Juan,9,21718,0.9333271940325997,108.66951765561103,50.0366137101073
Gran San Juan,San Juan,10,22719,0.9738104670099916,206.8361320108945,91.04103702226968
Gran San Juan,Santa Lucía,1,3737,0.7147444474177147,1.4128436538351234,3.7806894670460887
Gran San Juan,Santa Lucía,2,13020,0.4025345622119816,3.6610374438963365,2.811856715742194
Gran San Juan,Santa Lucía,3,966,1,0.7078338473407086,7.3274725397588885
Gran San Juan,Santa Lucía,4,4766,0.2668904741921947,1.6553448698256163,3.473237242605154
Gran San Juan,Santa Lucía,5,3552,0.455518018018018,2.3844139553038404,6.712877126418469
Gran San Juan,Santa Lucía,6,7303,0.5671641791044776,6.230169937963411,8.53097348755773
Gran San Juan,Santa Lucía,7,2526,0.5570071258907363,0.7078338473407086,2.802192586463613
Gran San Juan,Santa Lucía,8,8945,0.7544997205142537,12.700394372414564,14.198316794202979
Gran San Juan,Santa Lucía,9,1137,1,5.872734970828286,51.65114310315115
Gran San Juan,Santa Lucía,10,2135,0.2838407494145199,1.3263141357496382,6.2122441955486565
Gran San Juan,Villa Barboza - Villa Nacusi,1,10521,0.4137439406900485,6.028052520234417,5.729543313596062
Gran San Juan,Villa Barboza - Villa Nacusi,2,7436,0.5322754168908015,1.7616287655219436,2.3690542839186977
Gran San Juan,Villa Barboza - Villa Nacusi,3,2518,0.5274027005559968,0.7355116708511487,2.9210153727210035
Gran San Juan,Villa Barboza - Villa Nacusi,4,2522,0,0,0
Gran San Juan,Villa General San Martín - Campo Afuera,1,6382,0.21732999059855845,0.502026090691518,0.7866281584009998
Gran San Juan,Villa General San Martín - Campo Afuera,2,5523,0,0,0
Gran San Juan,Villa General San Martín - Campo Afuera,3,2535,0,0,0
Gran San Juan,Villa General San Martín - Campo Afuera,4,1799,0.4919399666481378,1.2178946386654628,6.769842349446708
Gran San Juan,Villa General San Martín - Campo Afuera,5,1407,0,0,0
Gran San Juan,Villa General San Martín - Campo Afuera,6,2224,1,7.468641243827343,33.582019981238055
Gran Santa Fe,Recreo,1,1684,0,0,0
Gran Santa Fe,Recreo,2,4515,0.22436323366555924,1.2728467349904997,2.8191511295470644
Gran Santa Fe,Recreo,3,2817,1,3.818540204971499,13.55534329063365
Gran Santa Fe,Recreo,4,1700,0.53,1.2728467349904997,7.487333735238233
Gran Santa Fe,Recreo,5,1651,0,0,0
Gran Santa Fe,San José del Rincón,2,1575,0,0,0
Gran Santa Fe,San José del Rincón,3,1493,1,0.7590049665879575,5.083757311372789
Gran Santa Fe,San José del Rincón,4,1244,0,0,0
Gran Santa Fe,San José del Rincón,5,2309,0.2451277609354699,0.7590049665879575,3.287158798561964
Gran Santa Fe,San José del Rincón,6,1243,0,0,0
Gran Santa Fe,San José del Rincón,8,2312,0,0,0
Gran Santa Fe,Santa Fe,1,64887,0.47612002404179576,143.25183244262817,22.077123683114984
Gran Santa Fe,Santa Fe,2,50781,0.5714932750438156,139.0702205096491,27.38627055584748
Gran Santa Fe,Santa Fe,3,42079,0.5648423203973478,184.02521265405898,43.73326663039972
Gran Santa Fe,Santa Fe,4,41429,0.7134857225614908,163.47701984815393,39.45956210580847
Gran Santa Fe,Santa Fe,5,33727,0.6831618584516856,178.0991846906428,52.8061151868363
Gran Santa Fe,Santa Fe,6,33243,0.6928375898685437,313.49387786949995,94.30372645955538
Gran Santa Fe,Santa Fe,7,32837,0.8085086944605171,310.154467393988,94.45274153972288
Gran Santa Fe,Santa Fe,8,28071,0.8496669160343415,588.7140463748834,209.72321840151167
Gran Santa Fe,Santa Fe,9,31191,0.975601936456029,402.4018401652128,129.01216381815675
Gran Santa Fe,Santa Fe,10,29343,0.9413147939883447,450.4105801135364,153.49847667707337
Gran Santa Fe,Santa Fe,NA,217,1,23.171392458772647,1067.8061040909054
Gran Santa Fe,Santo Tomé,1,6046,0,0,0
Gran Santa Fe,Santo Tomé,2,5343,0.29009919520868427,0.6080663206817116,1.1380616146017437
Gran Santa Fe,Santo Tomé,3,12383,0,0,0
Gran Santa Fe,Santo Tomé,4,7590,0.5413702239789197,3.1987735879521644,4.214457955141191
Gran Santa Fe,Santo Tomé,5,9740,0.537782340862423,5.249278453738749,5.389402929916581
Gran Santa Fe,Santo Tomé,6,9111,0.32411370870376466,3.8950589648119527,4.275116853047912
Gran Santa Fe,Santo Tomé,7,7432,0.32979009687836386,2.8146541618442162,3.78720958267521
Gran Santa Fe,Santo Tomé,8,5928,0.7484817813765182,8.631917124481319,14.561263705265384
Gran Santa Fe,Santo Tomé,9,1905,0,0,0
Gran Santa Fe,Santo Tomé,10,206,0,0,0
Gran Santa Fe,Sauce Viejo,2,2424,0,0,0
Gran Santa Fe,Sauce Viejo,4,2631,0,0,0
Gran Santa Fe,Sauce Viejo,5,698,0,0,0
Gran Santa Fe,Sauce Viejo,6,1270,1,1.2998153061075368,10.234766189823125
Gran Santa Fe,Sauce Viejo,8,192,1,0.6127890281263739,31.916095214915305
Gran Tucumán - Tafi Viejo,Alderetes,1,9043,0,0,0
Gran Tucumán - Tafi Viejo,Alderetes,2,7603,0,0,0
Gran Tucumán - Tafi Viejo,Alderetes,3,8114,0,0,0
Gran Tucumán - Tafi Viejo,Alderetes,4,10517,0.33498145859085293,4.301401543262601,4.089951072798899
Gran Tucumán - Tafi Viejo,Alderetes,5,2850,0.5817543859649122,1.433800514420867,5.030878997967954
Gran Tucumán - Tafi Viejo,Alderetes,6,701,0,0,0
Gran Tucumán - Tafi Viejo,Alderetes,7,1225,0,0,0
Gran Tucumán - Tafi Viejo,Alderetes,8,862,0,0,0
Gran Tucumán - Tafi Viejo,Banda del Río Salí,1,11086,0,0,0
Gran Tucumán - Tafi Viejo,Banda del Río Salí,2,17126,0.17137685390634125,1.982478468568623,1.1575840643282862
Gran Tucumán - Tafi Viejo,Banda del Río Salí,3,19498,0.262026874551236,3.964956937137246,2.0335198159489414
Gran Tucumán - Tafi Viejo,Banda del Río Salí,4,7144,0,0,0
Gran Tucumán - Tafi Viejo,Banda del Río Salí,5,5692,0.6630358397751229,3.964956937137246,6.965841421534164
Gran Tucumán - Tafi Viejo,Banda del Río Salí,6,1820,1,1.982478468568623,10.892738838289137
Gran Tucumán - Tafi Viejo,Banda del Río Salí,7,860,0,0,0
Gran Tucumán - Tafi Viejo,Barrio San Felipe,1,2157,0,0,0
Gran Tucumán - Tafi Viejo,Barrio San José III,5,1103,1,0.5168240878148935,4.685621829690784
Gran Tucumán - Tafi Viejo,Diagonal Norte - Luz y Fuerza - Los Pocitos - Villa Nueva Italia,1,3369,0.3027604630454141,33.48094733646251,99.37948155673052
Gran Tucumán - Tafi Viejo,Diagonal Norte - Luz y Fuerza - Los Pocitos - Villa Nueva Italia,2,1384,1,1.7668976919855457,12.76660182070481
Gran Tucumán - Tafi Viejo,Diagonal Norte - Luz y Fuerza - Los Pocitos - Villa Nueva Italia,4,1170,1,1.7668976919855457,15.101689675090133
Gran Tucumán - Tafi Viejo,Diagonal Norte - Luz y Fuerza - Los Pocitos - Villa Nueva Italia,5,555,1,1.1947386529857293,21.526822576319447
Gran Tucumán - Tafi Viejo,Diagonal Norte - Luz y Fuerza - Los Pocitos - Villa Nueva Italia,6,1447,1,6.1582717640309825,42.558892633247986
Gran Tucumán - Tafi Viejo,Diagonal Norte - Luz y Fuerza - Los Pocitos - Villa Nueva Italia,7,3486,0.5111876075731497,41.44069284936681,118.87748952773038
Gran Tucumán - Tafi Viejo,Diagonal Norte - Luz y Fuerza - Los Pocitos - Villa Nueva Italia,8,83,1,85.27689936642973,10274.325224871052
Gran Tucumán - Tafi Viejo,Diagonal Norte - Luz y Fuerza - Los Pocitos - Villa Nueva Italia,NA,0,NaN,4.640693951999955,Inf
Gran Tucumán - Tafi Viejo,El Manantial,2,1350,0,0,0
Gran Tucumán - Tafi Viejo,El Manantial,3,4764,0.6666666666666666,2.446021869800426,5.134386796390483
Gran Tucumán - Tafi Viejo,El Manantial,4,3806,0.31240147136100893,1.223010934900213,3.2133760769842694
Gran Tucumán - Tafi Viejo,El Manantial,5,2194,1,2.446021869800426,11.148686735644603
Gran Tucumán - Tafi Viejo,El Manantial,6,2344,1,2.446021869800426,10.435246884814104
Gran Tucumán - Tafi Viejo,San Miguel de Tucumán,1,65784,0.37183813693299284,156.4668634434315,23.784942150588513
Gran Tucumán - Tafi Viejo,San Miguel de Tucumán,2,60877,0.6533830510701907,3295.5365941647055,541.3434620899035
Gran Tucumán - Tafi Viejo,San Miguel de Tucumán,3,52893,0.5058325298243624,1649.9245666853562,311.93628016663
Gran Tucumán - Tafi Viejo,San Miguel de Tucumán,4,41684,0.6523606179829191,1711.188382742829,410.51443785213246
Gran Tucumán - Tafi Viejo,San Miguel de Tucumán,5,61867,0.7150015355520714,1737.329203248396,280.81678491738666
Gran Tucumán - Tafi Viejo,San Miguel de Tucumán,6,62266,0.6812385571579995,4798.33083574208,770.6181279899271
Gran Tucumán - Tafi Viejo,San Miguel de Tucumán,7,59320,0.7598280512474713,1899.1501874297628,320.1534368559951
Gran Tucumán - Tafi Viejo,San Miguel de Tucumán,8,53213,0.8593576757559243,5673.774262405184,1066.2383745335133
Gran Tucumán - Tafi Viejo,San Miguel de Tucumán,9,50141,1,9727.495459351112,1940.028212311504
Gran Tucumán - Tafi Viejo,San Miguel de Tucumán,10,40821,0.9711912985963107,11753.119226123965,2879.1845437701095
Gran Tucumán - Tafi Viejo,Tafí Viejo,1,2156,0,0,0
Gran Tucumán - Tafi Viejo,Tafí Viejo,2,3846,0.33229329173166927,1.5261966354639735,3.9682699830056514
Gran Tucumán - Tafi Viejo,Tafí Viejo,3,5228,0.5024866105585309,1.1197383971937933,2.1418102471189617
Gran Tucumán - Tafi Viejo,Tafí Viejo,4,4008,0.32759481037924154,0.5340741690008901,1.3325203817387479
Gran Tucumán - Tafi Viejo,Tafí Viejo,5,6691,0.14257958451651473,1.5261966354639735,2.2809694148318242
Gran Tucumán - Tafi Viejo,Tafí Viejo,6,7140,0.7915966386554621,4.0445157373910305,5.664587867494441
Gran Tucumán - Tafi Viejo,Tafí Viejo,7,7479,0.826447386014173,5.622302432047017,7.51745210863353
Gran Tucumán - Tafi Viejo,Tafí Viejo,8,1514,1,1.9842449329261669,13.105977099908632
Gran Tucumán - Tafi Viejo,Villa Mariano Moreno - El Colmenar,1,4874,0,0,0
Gran Tucumán - Tafi Viejo,Villa Mariano Moreno - El Colmenar,2,10203,0.18112319905910026,2.961636344971275,2.9027113054702296
Gran Tucumán - Tafi Viejo,Villa Mariano Moreno - El Colmenar,3,5496,0.3180494905385735,1.1947386529857293,2.173833065840119
Gran Tucumán - Tafi Viejo,Villa Mariano Moreno - El Colmenar,4,18866,0.595197710166437,22.600870795782935,11.979683449476802
Gran Tucumán - Tafi Viejo,Villa Mariano Moreno - El Colmenar,5,6193,0.13224608428871307,1.1947386529857293,1.9291759292519448
Gran Tucumán - Tafi Viejo,Villa Mariano Moreno - El Colmenar,6,4128,0,0,0
Gran Tucumán - Tafi Viejo,Villa Mariano Moreno - El Colmenar,7,2837,0,0,0
Gran Tucumán - Tafi Viejo,Yerba Buena - Marcos Paz,1,1446,1,1.1780848922926,8.147198425260028
Gran Tucumán - Tafi Viejo,Yerba Buena - Marcos Paz,2,2730,0.4597069597069597,2.544521786749363,9.320592625455543
Gran Tucumán - Tafi Viejo,Yerba Buena - Marcos Paz,3,2474,0.5537590945836701,0.8395122883431614,3.3933398882100296
Gran Tucumán - Tafi Viejo,Yerba Buena - Marcos Paz,4,4973,0.2933842750854615,0.5168240878148935,1.0392601806050543
Gran Tucumán - Tafi Viejo,Yerba Buena - Marcos Paz,5,745,0,0,0
Gran Tucumán - Tafi Viejo,Yerba Buena - Marcos Paz,6,2931,0.6591606960081884,2.941306675838772,10.035164366560123
Gran Tucumán - Tafi Viejo,Yerba Buena - Marcos Paz,7,5690,0.6797891036906855,6.334386019330341,11.132488610422394
Gran Tucumán - Tafi Viejo,Yerba Buena - Marcos Paz,8,13613,0.7393667817527364,55.02190989998221,40.41865121573659
Gran Tucumán - Tafi Viejo,Yerba Buena - Marcos Paz,9,10519,0.4781823367240232,13.631187199941207,12.95863409063714
Gran Tucumán - Tafi Viejo,Yerba Buena - Marcos Paz,10,10589,0.7230144489564643,17.980849119346203,16.98068667423383
Jujuy - Palpalá,Palpalá,1,10425,0.948968824940048,18.053698002914746,17.31769592605731
Jujuy - Palpalá,Palpalá,2,6508,0.7719729563614014,11.20724167204413,17.22071553786744
Jujuy - Palpalá,Palpalá,3,12563,0.9183316086921913,65.26117661824456,51.94712777063166
Jujuy - Palpalá,Palpalá,4,8873,1,63.682703206979284,71.77133236445316
Jujuy - Palpalá,Palpalá,5,3063,1,25.80172295200365,84.23677098270863
Jujuy - Palpalá,Palpalá,7,5997,1,59.74586284338365,99.62625119790503
Jujuy - Palpalá,Palpalá,8,999,1,14.45040924355418,144.64874117671852
Jujuy - Palpalá,Palpalá,9,1168,1,11.495624016701273,98.42143849915472
Jujuy - Palpalá,San Salvador de Jujuy,1,21758,0.6296075006894016,54.79474059652219,25.183721204394793
Jujuy - Palpalá,San Salvador de Jujuy,2,27329,0.8802737019283545,104.36611208986184,38.18877825381896
Jujuy - Palpalá,San Salvador de Jujuy,3,19309,0.8329794396395463,37.41960151970346,19.379357563676763
Jujuy - Palpalá,San Salvador de Jujuy,4,21174,0.948474544252385,58.47335861662193,27.61564117154148
Jujuy - Palpalá,San Salvador de Jujuy,5,23567,0.8216998345143633,82.63081945667646,35.062086585766735
Jujuy - Palpalá,San Salvador de Jujuy,6,32058,0.8403830557115228,112.67197614393561,35.146289894546015
Jujuy - Palpalá,San Salvador de Jujuy,7,23881,0.9291068213223902,94.68204865625245,39.647438824275554
Jujuy - Palpalá,San Salvador de Jujuy,8,28679,0.9531015725792391,115.61357265339078,40.31297208877255
Jujuy - Palpalá,San Salvador de Jujuy,9,21191,0.8792411872964938,144.39884547590867,68.14159099424694
Jujuy - Palpalá,San Salvador de Jujuy,10,19258,0.6972686675667256,154.19453130345738,80.06778030089177
Jujuy - Palpalá,Yala,6,665,1,13.647105089994147,205.2196254134458
Jujuy - Palpalá,Yala,9,878,0,0,0
La Rioja,La Rioja,1,22769,0.5620361017172472,43.71514455349523,19.199413480387907
La Rioja,La Rioja,2,20526,0.730293286563383,102.17018758081225,49.77598537504251
La Rioja,La Rioja,3,20586,0.6520450791800253,31.67529452776136,15.386813624677625
La Rioja,La Rioja,4,20667,0.519620651279818,32.983786359972996,15.959639212257702
La Rioja,La Rioja,5,17669,0.6546493859301602,74.10108769733368,41.93847286056578
La Rioja,La Rioja,6,16622,0.7657321621946818,83.98741031008097,50.52786085313499
La Rioja,La Rioja,7,16082,0.9164904862579282,110.33565208771883,68.60816570558316
La Rioja,La Rioja,8,16288,0.7151277013752456,114.95877534114058,70.57881590197726
La Rioja,La Rioja,9,14588,0.8169043049081437,87.9590629943169,60.29549149596716
La Rioja,La Rioja,10,12010,0.8715237302248127,303.4233825921729,252.64228359048536
Mar del Plata - Batán,Mar del Plata,1,85446,0.7587833251410248,543.8783172378247,63.65170016593225
Mar del Plata - Batán,Mar del Plata,2,84275,0.7928448531592999,1272.4110119800805,150.98321115159663
Mar del Plata - Batán,Mar del Plata,3,72399,0.905827428555643,1292.902333255863,178.58013691568434
Mar del Plata - Batán,Mar del Plata,4,68127,0.8722386131783287,1213.4143258396023,178.1106354073425
Mar del Plata - Batán,Mar del Plata,5,59465,0.7456991507609518,2583.798493918269,434.50744032931453
Mar del Plata - Batán,Mar del Plata,6,48187,0.7961275862784568,1999.6244809148545,414.97177265960835
Mar del Plata - Batán,Mar del Plata,7,45658,0.8479346445310789,1283.5081841346187,281.1135363210431
Mar del Plata - Batán,Mar del Plata,8,43250,0.8402080924855492,739.8078803561875,171.0538451690607
Mar del Plata - Batán,Mar del Plata,9,41532,0.8242078397380334,1212.3257634513948,291.90160922936406
Mar del Plata - Batán,Mar del Plata,10,44957,0.9307560557866406,1623.3953199892776,361.09956624981146
Neuquén - Plottier,Neuquén,1,23008,0.4983049374130737,19.254438855794934,8.368584342748147
Neuquén - Plottier,Neuquén,2,33009,0.6509739767942077,34.69624371692764,10.511146571216226
Neuquén - Plottier,Neuquén,3,27401,0.6921645195430823,53.1217270861933,19.38678409043221
Neuquén - Plottier,Neuquén,4,22117,0.8152552335307682,153.48890611950026,69.398610172944
Neuquén - Plottier,Neuquén,5,20677,0.5895923006238816,110.88259863987709,53.626057280977456
Neuquén - Plottier,Neuquén,6,22337,0.964140215785468,252.46045609134117,113.02343917775045
Neuquén - Plottier,Neuquén,7,21430,0.9066262249183388,273.7777874633826,127.75445051954391
Neuquén - Plottier,Neuquén,8,22037,0.6982347869492218,287.06892709577136,130.2667908952087
Neuquén - Plottier,Neuquén,9,17103,0.8657545459860844,248.69764323308829,145.4117074390974
Neuquén - Plottier,Neuquén,10,15732,0.8787185354691075,254.16614226044166,161.55996838319453
Neuquén - Plottier,Neuquén,NA,27,1,0.9175726606345502,339.8417261609445
Neuquén - Plottier,Plottier,1,2544,1,6.560685444438132,25.78885787908071
Neuquén - Plottier,Plottier,2,833,1,1.3849340978875757,16.62585951845829
Neuquén - Plottier,Plottier,3,2592,0.6886574074074074,1.9673229393094778,7.589980475731011
Neuquén - Plottier,Plottier,4,5614,0.5824723904524404,39.37393193890602,70.13525461151767
Neuquén - Plottier,Plottier,5,5737,0.8830399163325781,70.79711167260996,123.40441288584618
Neuquén - Plottier,Plottier,6,3757,0.72504657971786,21.63138768817517,57.57622488202069
Neuquén - Plottier,Plottier,7,4566,1,38.06651301359772,83.36949849670987
Neuquén - Plottier,Plottier,9,1162,0.7271944922547332,17.41952403634554,149.9098454074487
Partidos del GBA,Almirante Brown,1,54164,0.6813196957388672,76.9499087627823,14.206836415844897
Partidos del GBA,Almirante Brown,2,80593,0.7322968496023228,92.67606783116288,11.499270138990095
Partidos del GBA,Almirante Brown,3,94351,0.7547243802397431,193.07560450147662,20.463546173487998
Partidos del GBA,Almirante Brown,4,75509,0.7008568515011455,105.27207273202016,13.941658972045738
Partidos del GBA,Almirante Brown,5,74485,0.7013761159965094,177.7083259654821,23.858270251121983
Partidos del GBA,Almirante Brown,6,55887,0.7501565659276754,108.10327087948588,19.343187302858603
Partidos del GBA,Almirante Brown,7,42618,0.7196724388755925,131.6647510493068,30.89416468377371
Partidos del GBA,Almirante Brown,8,32514,0.6160730762133235,64.115814646718,19.7194484365867
Partidos del GBA,Almirante Brown,9,23999,0.7538647443643485,93.7720759769225,39.0733263789835
Partidos del GBA,Almirante Brown,10,16949,0.8375715381438433,46.09372751065709,27.1955439911836
Partidos del GBA,Avellaneda,1,13422,0.606914021755327,7.544369933862658,5.6208984755346885
Partidos del GBA,Avellaneda,2,17022,0.28780401832922103,5.0991400436436525,2.995617461898515
Partidos del GBA,Avellaneda,3,28522,0.7531028679615736,56.10009402310884,19.669060382549905
Partidos del GBA,Avellaneda,4,27843,0.7377437776101713,58.9197291320569,21.16141548398409
Partidos del GBA,Avellaneda,5,33680,0.7058788598574822,106.91949053235219,31.745691963287467
Partidos del GBA,Avellaneda,6,58631,0.7176578942880046,224.5739584095971,38.3029384471691
Partidos del GBA,Avellaneda,7,49936,0.8404758090355655,246.7547307443891,49.41419632016763
Partidos del GBA,Avellaneda,8,55961,0.8976608709637068,347.8609746306788,62.16132210480134
Partidos del GBA,Avellaneda,9,41129,0.9039120814996717,269.6905281225528,65.57186610969214
Partidos del GBA,Avellaneda,10,16531,1,123.20952713836873,74.53241010124538
Partidos del GBA,Berazategui,1,37322,0.4704731793580194,10306.65578387946,2761.5496982689724
Partidos del GBA,Berazategui,2,43150,0.545909617612978,10321.679942509745,2392.0463366187128
Partidos del GBA,Berazategui,3,43773,0.5712425467754095,67.68785143698675,15.463379580331882
Partidos del GBA,Berazategui,4,46512,0.5007309941520468,10314.16271300626,2217.5272430784016
Partidos del GBA,Berazategui,5,55773,0.6702167715561294,30908.460398593368,5541.832140747919
Partidos del GBA,Berazategui,6,37207,0.4603166070900637,30863.542329869375,8295.090259862223
Partidos del GBA,Berazategui,7,21498,0.8299376686203368,10315.361660355165,4798.288985187071
Partidos del GBA,Berazategui,8,19428,0.458462013588635,27.460105845737377,14.13429372335669
Partidos del GBA,Berazategui,9,11459,0.8157779910986998,10289.742865314913,8979.616777480507
Partidos del GBA,Berazategui,10,8034,0.5070948469006722,6.500125719162915,8.090771370628472
Partidos del GBA,Escobar,1,22800,0.5708333333333333,22.34564718497992,9.800722449552596
Partidos del GBA,Escobar,2,19926,0.35330723677607145,6.25901133570307,3.141127840862727
Partidos del GBA,Escobar,3,32406,0.5802320557921372,30.808393013208175,9.507002719622346
Partidos del GBA,Escobar,4,31071,0.4681857680795597,32.22826238858648,10.372457400336803
Partidos del GBA,Escobar,5,22687,0.5344029620487504,124.9128201334509,55.05920577134522
Partidos del GBA,Escobar,6,16527,0.6668481878138803,23.34966427793177,14.128192822612554
Partidos del GBA,Escobar,7,22078,0.5372769272579038,83.97077530466143,38.03368751909658
Partidos del GBA,Escobar,8,16842,0.6096663104144401,58.45019980659506,34.705023041559826
Partidos del GBA,Escobar,9,15975,0.5516118935837245,41.47522671178917,25.962583231166928
Partidos del GBA,Escobar,10,10762,0.06485783311652109,24.23810294166936,22.521931742863185
Partidos del GBA,Esteban Echeverría,1,41901,0.6703419966110594,11192.266071645052,2671.121470047267
Partidos del GBA,Esteban Echeverría,2,63056,0.7525215681299162,10121.663094579844,1605.18635729825
Partidos del GBA,Esteban Echeverría,3,50436,0.8424538028392418,5642.840316904547,1118.8120225443229
Partidos del GBA,Esteban Echeverría,4,35807,0.8591895439439216,5626.8787235014925,1571.4465672917286
Partidos del GBA,Esteban Echeverría,5,22470,0.7639519359145527,5600.090108369115,2492.2519396391253
Partidos del GBA,Esteban Echeverría,6,14996,0.9029074419845292,1137.4849969470426,758.5256047926398
Partidos del GBA,Esteban Echeverría,7,15235,0.815687561535937,1132.33054227376,743.2428895791008
Partidos del GBA,Esteban Echeverría,8,22029,0.5771936992146716,35.23374075122612,15.994253371113588
Partidos del GBA,Esteban Echeverría,9,20133,0.5796950280633786,1143.9299941587426,568.1865564787873
Partidos del GBA,Esteban Echeverría,10,8407,0.6868086118710598,60.528344885255464,71.99755547193466
Partidos del GBA,Ezeiza,1,28390,0.6352588939767524,47.65644220295054,16.786348081349256
Partidos del GBA,Ezeiza,2,37284,0.6818742624181955,61.42292372656086,16.474338516940474
Partidos del GBA,Ezeiza,3,24852,0.928174794785128,84.48536002466186,33.99539675867611
Partidos del GBA,Ezeiza,4,19468,0.8701458804191494,54.86019295343958,28.17967585444811
Partidos del GBA,Ezeiza,5,18638,0.8838931215795687,69.77565988635067,37.43731080928784
Partidos del GBA,Ezeiza,6,6946,0.6834149150590267,23.178650308815158,33.369781613612375
Partidos del GBA,Ezeiza,7,12932,0.763300340241262,50.23665096829105,38.84677618952293
Partidos del GBA,Ezeiza,8,4454,0.8298158958239784,18.748692252421428,42.09405534894797
Partidos del GBA,Ezeiza,9,1531,0.6832135858915741,4.01671151275402,26.235868796564464
Partidos del GBA,Ezeiza,10,2239,0.7020991514068781,1119.5793252364792,5000.354288684587
Partidos del GBA,Florencio Varela,1,147769,0.6373122914819752,31057.62172633128,2101.768417349463
Partidos del GBA,Florencio Varela,2,88257,0.7196822914896269,20701.596809203435,2345.6039531372508
Partidos del GBA,Florencio Varela,3,65049,0.607803348245169,90.59304730448792,13.92689315815584
Partidos del GBA,Florencio Varela,4,46926,0.633294975067127,20627.96077009033,4395.848947297944
Partidos del GBA,Florencio Varela,5,32322,0.5426025617226656,29.117113160171346,9.008450331096883
Partidos del GBA,Florencio Varela,6,25277,0.6736558927087867,55.24055204255067,21.854077636804472
Partidos del GBA,Florencio Varela,7,7123,0.6226309139407553,8.110132729734586,11.385838452526444
Partidos del GBA,Florencio Varela,8,6351,0.7239804755156668,12.075215119734825,19.013092614918634
Partidos del GBA,Florencio Varela,9,6931,0.8857307747799741,15.150588672995417,21.859167036496057
Partidos del GBA,General Rodríguez,1,14680,0.48501362397820164,14.070361607908469,9.584714991763262
Partidos del GBA,General Rodríguez,2,12088,0.4818001323626737,11.927903526019293,9.867557516561295
Partidos del GBA,General Rodríguez,3,9263,0.5353557162906186,7.100242560687637,7.665165238786178
Partidos del GBA,General Rodríguez,4,13430,0.6046165301563663,9.932668217403256,7.3958810256167204
Partidos del GBA,General Rodríguez,5,7777,0.59007329304359,7.694107826031092,9.893413689123173
Partidos del GBA,General Rodríguez,6,7653,0.5767672808049131,10.837645186199039,14.161303000390747
Partidos del GBA,General Rodríguez,7,4271,0.7183329431046593,5.994640856567945,14.035684515495072
Partidos del GBA,General Rodríguez,8,9272,0.7592752372735116,27.540990776034967,29.703398162246515
Partidos del GBA,General Rodríguez,9,1792,1,10.755310773194418,60.01847529684385
Partidos del GBA,General Rodríguez,NA,0,NaN,1.3445993125065696,Inf
Partidos del GBA,General San Martín,1,17413,0.37299718601045195,6.417913916572113,3.685702588050372
Partidos del GBA,General San Martín,2,36132,0.5818664895383594,22.629218235351274,6.262929878044746
Partidos del GBA,General San Martín,3,16435,0.5315485244904168,14.035720510562939,8.5401402558947
Partidos del GBA,General San Martín,4,26978,0.757209578174809,31.726754628149443,11.760232273759893
Partidos del GBA,General San Martín,5,49137,0.6588314304902619,45.38021868774406,9.235447562477168
Partidos del GBA,General San Martín,6,62599,0.6299461652742057,61.04320581883539,9.751466607906737
Partidos del GBA,General San Martín,7,78237,0.530235055025116,69.27916950734173,8.855039112867535
Partidos del GBA,General San Martín,8,65482,0.5261293179805138,225.14853874985104,34.383271547883545
Partidos del GBA,General San Martín,9,45833,0.6516265572840529,88.13263001228874,19.22907730506158
Partidos del GBA,General San Martín,10,15950,0.8178056426332289,24.458474211500004,15.334466590282135
Partidos del GBA,Hurlingham,1,5119,0.7868724360226607,15.725689496095502,30.720237343417665
Partidos del GBA,Hurlingham,2,12133,0.857743344597379,72.45709959176492,59.719030406136085
Partidos del GBA,Hurlingham,3,15942,0.8046669175762138,76.35334739108043,47.89445953524052
Partidos del GBA,Hurlingham,4,18523,0.8164984073854127,73.96982711155536,39.93404260193022
Partidos del GBA,Hurlingham,5,25184,0.6868249682337992,51.19595961702366,20.328764142719052
Partidos del GBA,Hurlingham,6,38982,0.6898568570109281,79.68134324604229,20.44054775179372
Partidos del GBA,Hurlingham,7,33927,0.8197600730981225,118.60657663263889,34.959347019376565
Partidos del GBA,Hurlingham,8,13806,0.8100101405186151,30.19577958979123,21.871490359112872
Partidos del GBA,Hurlingham,9,11517,0.5478857341321525,9.626836399691749,8.35880559146631
Partidos del GBA,Hurlingham,10,6108,1,9.79488710719574,16.036160948257596
Partidos del GBA,Ituzaingó,2,3391,1,7.19892153469827,21.229494351808523
Partidos del GBA,Ituzaingó,3,3732,0.5964630225080386,4.6885327821910385,12.563056758282526
Partidos del GBA,Ituzaingó,4,16628,0.8612581188356988,59.799769796650494,35.963296726395534
Partidos del GBA,Ituzaingó,5,19806,0.8379783903867515,70.70328157459568,35.697910519335394
Partidos del GBA,Ituzaingó,6,30730,0.65750081353726,63.40663355091677,20.63346357009983
Partidos del GBA,Ituzaingó,7,28460,0.695467322557976,47.88953126356391,16.82696109050032
Partidos del GBA,Ituzaingó,8,24454,0.34211171996401407,25.50807443754744,10.431043770977116
Partidos del GBA,Ituzaingó,9,26664,0.385951095109511,93.12581574328655,34.92567347107956
Partidos del GBA,Ituzaingó,10,13959,0.31391933519593096,11.319383991504717,8.109022130170297
Partidos del GBA,José C. Paz,1,63799,0.6288343077477704,52.11230679657685,8.168201193839536
Partidos del GBA,José C. Paz,2,62981,0.6448770264047887,46.26393818177951,7.345697620199664
Partidos del GBA,José C. Paz,3,24348,0.8101281419418432,35.62414250493161,14.631239734241667
Partidos del GBA,José C. Paz,4,46948,0.6361080344210616,57.25039487733275,12.194426786515454
Partidos del GBA,José C. Paz,5,24684,0.6404148436233997,45.881129728736894,18.58739658432057
Partidos del GBA,José C. Paz,6,25088,0.9232302295918368,104.56866915525113,41.68075141711222
Partidos del GBA,José C. Paz,7,7852,0.8390219052470708,36.91619919940119,47.015026998727954
Partidos del GBA,José C. Paz,8,6918,0.8503902862098872,71.01430521067938,102.65149640167589
Partidos del GBA,José C. Paz,9,2191,0.6691008671839342,17.49664590482512,79.85689595995034
Partidos del GBA,José C. Paz,10,1172,0,0,0
Partidos del GBA,La Matanza,1,228821,0.38533613610638884,73.27957953322213,3.202484891387684
Partidos del GBA,La Matanza,2,243455,0.44304286213057853,231.17818732051384,9.495725588733599
Partidos del GBA,La Matanza,3,285994,0.46357615894039733,424.854824721083,14.85537545266974
Partidos del GBA,La Matanza,4,241472,0.5951331831433873,721.7065868083178,29.88779596840701
Partidos del GBA,La Matanza,5,215574,0.6086262721849574,535.6752321148049,24.848786593689635
Partidos del GBA,La Matanza,6,196265,0.6093343183960461,446.93023269186887,22.771774523825894
Partidos del GBA,La Matanza,7,138330,0.6114002747054146,328.96700229295783,23.781320197567975
Partidos del GBA,La Matanza,8,110135,0.6687065873700458,346.96942595007954,31.504011072781545
Partidos del GBA,La Matanza,9,76148,0.7646162735725167,307.97352015347894,40.44407209033447
Partidos del GBA,La Matanza,10,35166,0.6781834726724677,117.7769965236581,33.49172397305866
Partidos del GBA,Lanús,1,27359,0.5717314229321248,26.527036840867936,9.695908783533
Partidos del GBA,Lanús,2,24282,0.619306482167861,98.53054962436762,40.57760877372853
Partidos del GBA,Lanús,3,46748,0.5717249935826132,380.72767009872337,81.44255799151266
Partidos del GBA,Lanús,4,36270,0.6172870140612076,170.62507183368407,47.04303055794984
Partidos del GBA,Lanús,5,47452,0.44973868330101996,123.27427218172633,25.97873054491409
Partidos del GBA,Lanús,6,64276,0.6863526043935528,158.1481322883225,24.604538597349322
Partidos del GBA,Lanús,7,81616,0.7314374632425015,124.7668843204575,15.287061889881581
Partidos del GBA,Lanús,8,75796,0.7022929969919257,185.0122449510751,24.409235969058404
Partidos del GBA,Lanús,9,43216,0.5766382821177342,189.63442456761734,43.880605462703016
Partidos del GBA,Lanús,10,12248,0.2633082952318746,16.8956257971215,13.794599769041069
Partidos del GBA,Lomas de Zamora,1,92291,0.6114355679318677,115.55535292037247,12.520760737273674
Partidos del GBA,Lomas de Zamora,2,71423,0.6612155748148355,105.78094123003153,14.810486990189649
Partidos del GBA,Lomas de Zamora,3,69199,0.5822627494616974,80.5440647698226,11.63948391881712
Partidos del GBA,Lomas de Zamora,4,54465,0.7132470393830901,61.42121165406829,11.277189324165663
Partidos del GBA,Lomas de Zamora,5,67523,0.6021948076951558,51.904070347708554,7.686872672675763
Partidos del GBA,Lomas de Zamora,6,35386,0.7481489854744814,72.74285757309455,20.55695969397348
Partidos del GBA,Lomas de Zamora,7,52450,0.6137273593898951,127.82407041250762,24.370652128218804
Partidos del GBA,Lomas de Zamora,8,52550,0.618325404376784,128.59288031945317,24.470576654510594
Partidos del GBA,Lomas de Zamora,9,63925,0.524114196323817,191.63144742567968,29.977543594161858
Partidos del GBA,Lomas de Zamora,10,57067,0.48802285033381815,196.2215591274669,34.38441816241731
Partidos del GBA,Malvinas Argentinas,1,35689,0.7682479195270251,29.322940064591187,8.216240316229422
Partidos del GBA,Malvinas Argentinas,2,58140,0.6396112831097351,77.35275699212883,13.30456776610403
Partidos del GBA,Malvinas Argentinas,3,47483,0.5619906071646694,113.29733228649259,23.860609541623866
Partidos del GBA,Malvinas Argentinas,4,45005,0.6199311187645817,292.81175539942876,65.06204986099961
Partidos del GBA,Malvinas Argentinas,5,62385,0.6851807325478881,378.14680035992933,60.61501969382533
Partidos del GBA,Malvinas Argentinas,6,27922,0.6295752453262661,260.28305174708,93.21791123382278
Partidos del GBA,Malvinas Argentinas,7,21578,0.7170266011678561,305.47192325387596,141.5663746658059
Partidos del GBA,Malvinas Argentinas,8,16256,0.47834645669291337,306.4843917811099,188.53616620393078
Partidos del GBA,Malvinas Argentinas,9,2198,0.2961783439490446,2.05746068269033,9.36060365191233
Partidos del GBA,Malvinas Argentinas,10,5719,0.3164888966602553,63.4349712371873,110.9196909200687
Partidos del GBA,Marcos Paz,1,5352,0,0,0
Partidos del GBA,Marcos Paz,2,10544,0,0,0
Partidos del GBA,Marcos Paz,3,8179,0.13620246973957698,1.1480107087939513,1.4036076644992679
Partidos del GBA,Marcos Paz,4,3006,0,0,0
Partidos del GBA,Marcos Paz,5,7719,0.22554735069309495,6.545799905352295,8.480113881788178
Partidos del GBA,Marcos Paz,6,4188,0.332378223495702,6.5368424264261975,15.608506271313747
Partidos del GBA,Marcos Paz,7,3470,0.6804034582132564,11.934631622984542,34.393751074883404
Partidos del GBA,Marcos Paz,8,1607,1,11.925674144058444,74.21079118891379
Partidos del GBA,Marcos Paz,9,852,1,6.5368424264261975,76.72350265758448
Partidos del GBA,Marcos Paz,10,449,0,0,0
Partidos del GBA,Máximo Paz,1,3904,0.7138831967213115,8.168127032267767,20.922456537571126
Partidos del GBA,Máximo Paz,2,1009,1,1.8753731366621331,18.58645328703799
Partidos del GBA,Máximo Paz,4,1416,1,1.1797134985506534,8.33131001801309
Partidos del GBA,Máximo Paz,5,982,1,2.477210370027134,25.226174847526824
Partidos del GBA,Merlo,1,93985,0.6340586263765494,118.07439180579271,12.56311026289224
Partidos del GBA,Merlo,2,113150,0.5477772867874503,125.30801774444058,11.074504440516181
Partidos del GBA,Merlo,3,102022,0.7142185018917488,164.9080622502336,16.163970736726743
Partidos del GBA,Merlo,4,71108,0.7135905945885133,176.36958468358642,24.803057979915963
Partidos del GBA,Merlo,5,32902,0.7386481064980852,139.90919781798596,42.5230070567096
Partidos del GBA,Merlo,6,41110,0.849355387983459,196.71440575431592,47.850743311679864
Partidos del GBA,Merlo,7,23631,0.7340358004316364,88.86910416281823,37.60700104219806
Partidos del GBA,Merlo,8,15808,0.5194838056680162,63.542969921829716,40.1967168027769
Partidos del GBA,Merlo,9,19983,0.34804583896311864,25.396397752372597,12.70900152748466
Partidos del GBA,Merlo,10,1752,0,0,0
Partidos del GBA,Moreno,1,114653,0.6244843135373693,167.7210702398673,14.628581043659327
Partidos del GBA,Moreno,2,104075,0.6930194571222676,102.27977520187426,9.827506625210114
Partidos del GBA,Moreno,3,72894,0.6489697368782067,369.39794936696325,50.67604320890104
Partidos del GBA,Moreno,4,53682,0.5568533214112737,70.68295549161336,13.166975055253783
Partidos del GBA,Moreno,5,37594,0.612624354950258,27.975429602851715,7.441461297774037
Partidos del GBA,Moreno,6,22728,0.45688137979584653,17.75624289112192,7.812496872193735
Partidos del GBA,Moreno,7,13588,0.7286576390933176,296.2761409437831,218.0424940710797
Partidos del GBA,Moreno,8,16218,0.6605006782587248,71.7494431954408,44.24062350193662
Partidos del GBA,Moreno,9,8630,0.6734646581691773,18.16621901894345,21.050079975600756
Partidos del GBA,Moreno,10,8443,0.06751154802795215,3.180168186576734,3.766632934474398
Partidos del GBA,Morón,1,6550,1,9.4315488245607,14.399311182535419
Partidos del GBA,Morón,2,8471,1,25.430737914808553,30.020939575975156
Partidos del GBA,Morón,3,17209,1,23.52408753357145,13.669642357819425
Partidos del GBA,Morón,4,20993,0.8937264802553232,265.6071951745997,126.52179068003608
Partidos del GBA,Morón,5,25954,0.9441704554211297,430.27177284046803,165.78245081315714
Partidos del GBA,Morón,6,31174,0.890325271059216,344.8499090504355,110.6210011709872
Partidos del GBA,Morón,7,44341,0.7292798989648407,126.93689320293787,28.627431317051457
Partidos del GBA,Morón,8,57179,0.7431399639727873,373.5872103295415,65.3364365115762
Partidos del GBA,Morón,9,57954,0.6842323221865617,83.34380521729868,14.38102723147646
Partidos del GBA,Morón,10,51284,0.8675025349036737,97.15669646468247,18.94483590684862
Partidos del GBA,Pilar,1,31588,0.35608458908446244,87.53892712203678,27.712715943407872
Partidos del GBA,Pilar,2,35233,0.6736582181477592,95.55837307908129,27.12183835582587
Partidos del GBA,Pilar,3,38031,0.7095264389576924,174.46786027256613,45.875170327513374
Partidos del GBA,Pilar,4,48555,0.4078879621048296,19.805489608053165,4.0789804568125145
Partidos del GBA,Pilar,5,34941,0.5443175638934203,93.9038413568855,26.874972484154856
Partidos del GBA,Pilar,6,22768,0.44786542515811667,23.177145747991364,10.179702102947719
Partidos del GBA,Pilar,7,12433,0.34392342958256256,82.08281513323762,66.02011994951953
Partidos del GBA,Pilar,8,12485,0.3648378053664397,10.90840146507395,8.73720581904201
Partidos del GBA,Pilar,9,17444,0.38718183902774594,15.579306310257689,8.931040076964967
Partidos del GBA,Pilar,10,37379,0.2867117900425373,171.86140378215757,45.97806356033002
Partidos del GBA,Presidente Perón,1,30361,0.7794209676888113,81.61885275768775,26.882794623921395
Partidos del GBA,Presidente Perón,2,20530,0.8785192401363858,49.50329827826198,24.112663554925465
Partidos del GBA,Presidente Perón,3,10617,1,32.669822727269946,30.771237380870254
Partidos del GBA,Presidente Perón,4,8366,1,72.64067494933491,86.82844244481821
Partidos del GBA,Presidente Perón,5,4280,1,15.712820103090886,36.7121965025488
Partidos del GBA,Presidente Perón,7,3555,0.940365682137834,36.299950223934474,102.10956462428824
Partidos del GBA,Presidente Perón,8,1130,1,10.744651463030605,95.08541117726199
Partidos del GBA,Presidente Perón,9,388,0,0,0
Partidos del GBA,Presidente Perón,10,751,0,0,0
Partidos del GBA,Quilmes,1,92454,0.38315270296579923,101.13370811517272,10.938813692773998
Partidos del GBA,Quilmes,2,64775,0.4814511771516789,56.65881348153723,8.747018677196023
Partidos del GBA,Quilmes,3,44199,0.5908504717301296,106.85170646716396,24.175141172235563
Partidos del GBA,Quilmes,4,79733,0.6389073532916107,236.02384657489142,29.601776751770462
Partidos del GBA,Quilmes,5,56532,0.5864466143069412,202.61899208487796,35.8414689175826
Partidos del GBA,Quilmes,6,57144,0.5868507629847403,206.15652370759844,36.07667011542742
Partidos del GBA,Quilmes,7,47350,0.5764097148891235,194.9329801339861,41.1685280114015
Partidos del GBA,Quilmes,8,53387,0.6952441605634331,169.1515837017128,31.684039878942965
Partidos del GBA,Quilmes,9,51495,0.7637634721817652,166.15374252341647,32.265995246803854
Partidos del GBA,Quilmes,10,35874,0.9636505547192953,123.14305407592887,34.326546823863765
Partidos del GBA,San Fernando,1,5162,0.6898488957768307,9.538751069663983,18.478789363936425
Partidos del GBA,San Fernando,2,18025,0.9167822468793343,177.6293719817701,98.54611483038563
Partidos del GBA,San Fernando,3,13310,0.8688204357625845,63.767129924715846,47.909188523452926
Partidos del GBA,San Fernando,4,21347,0.7955684639527802,142.7390533403917,66.86609516109604
Partidos del GBA,San Fernando,5,20735,0.8402218471183989,59.924403581154714,28.90012229619229
Partidos del GBA,San Fernando,6,23477,0.8713208672317587,55.50014829862992,23.640221620577552
Partidos del GBA,San Fernando,7,19671,0.7803365360174876,53.50210770507155,27.198468662026105
Partidos del GBA,San Fernando,8,5678,0.6821063754843255,9.20904374016019,16.218816027052114
Partidos del GBA,San Fernando,9,13152,0.8693734793187348,17.446629708442998,13.265381469314931
Partidos del GBA,San Fernando,10,19727,0.6517970294520201,63.21595395478854,32.04539664155145
Partidos del GBA,San Isidro,1,1319,0,0,0
Partidos del GBA,San Isidro,2,5343,0.3000187160771102,0.7573914724885487,1.4175397201732147
Partidos del GBA,San Isidro,3,11236,0.6741723033107867,25.408571265665255,22.61353797229019
Partidos del GBA,San Isidro,4,14539,0.06994979021940986,14.424259298424236,9.921080747248253
Partidos del GBA,San Isidro,5,11541,0.14513473702452126,40.93934836851619,35.47296453384992
Partidos del GBA,San Isidro,6,18936,0.17295099281791296,4.024189183787536,2.1251527164065993
Partidos del GBA,San Isidro,7,21278,0.8427483786070119,114.86272563392565,53.98191824134113
Partidos del GBA,San Isidro,8,33934,0.6314610714917193,332.84903291067656,98.08717890925814
Partidos del GBA,San Isidro,9,44542,0.595235957074222,286.6511597911977,64.35525117668665
Partidos del GBA,San Isidro,10,130210,0.6150295676215345,521.0167095155252,40.01357111708204
Partidos del GBA,San Miguel,1,20434,0.7583928746207301,38.891865327248816,19.032918335738874
Partidos del GBA,San Miguel,2,31839,0.6958447187411665,34.93262051152196,10.971644998750577
Partidos del GBA,San Miguel,3,32921,0.6593663618966618,31.770819955903047,9.650624208226677
Partidos del GBA,San Miguel,4,35260,0.8246454906409529,44.64374445235783,12.661300185013566
Partidos del GBA,San Miguel,5,17232,0.6437441968430826,22.867365310805265,13.270290918526733
Partidos del GBA,San Miguel,6,25392,0.6094439193446755,25.53453908881182,10.056135431951725
Partidos del GBA,San Miguel,7,26940,0.4815887156644395,29.587980650984584,10.982917836297172
Partidos del GBA,San Miguel,8,32308,0.5895134332053981,38.51266760524511,11.920474063775261
Partidos del GBA,San Miguel,9,36231,0.579669343931992,60.74458807111648,16.765915395963813
Partidos del GBA,San Miguel,10,17633,0.7177451369591108,51.655498267756556,29.294787198863812
Partidos del GBA,San Vicente,1,12520,0.22068690095846646,25.55969487346289,20.415091751967164
Partidos del GBA,San Vicente,2,8265,0.20350877192982456,13.030001799164012,15.765277433955246
Partidos del GBA,San Vicente,3,11142,0.4840244121342667,35.10895128760369,31.510457088138295
Partidos del GBA,San Vicente,4,5698,0.4217269217269217,45.10077469929489,79.15193874920129
Partidos del GBA,San Vicente,5,9076,0.8920229175848391,98.074491426574,108.05915758767519
Partidos del GBA,San Vicente,6,3310,0.9858006042296072,68.37021294358489,206.556534572764
Partidos del GBA,San Vicente,7,4777,1,21.747988726437512,45.526457455385206
Partidos del GBA,San Vicente,8,1094,0.6096892138939671,5.071531690399302,46.35769369652014
Partidos del GBA,Tigre,1,22175,0.6842390078917701,30.365738858565226,13.693681559668647
Partidos del GBA,Tigre,2,39525,0.6994813409234661,81.14246989782272,20.529404148721753
Partidos del GBA,Tigre,3,55871,0.7269782176800129,76.11049841416043,13.622540927164437
Partidos del GBA,Tigre,4,37814,0.7434019146347913,79.95372078513137,21.14394689404225
Partidos del GBA,Tigre,5,43352,0.7289859752721904,68.95686045546798,15.906269712001285
Partidos del GBA,Tigre,6,41927,0.6403033844539319,49.20893161800065,11.73681198702522
Partidos del GBA,Tigre,7,35234,0.6960890049384117,49.06426644004464,13.92526152013528
Partidos del GBA,Tigre,8,30020,0.6746169220519653,35.065731928195795,11.68079011598794
Partidos del GBA,Tigre,9,15305,0.5904606337798105,33.88950028680832,22.14276399007404
Partidos del GBA,Tigre,10,49690,0.422559871201449,57.11800039563169,11.494868262352925
Partidos del GBA,Tres de Febrero,1,7182,1,22.142241569089446,30.830188762307777
Partidos del GBA,Tres de Febrero,2,9858,0.9610468654899574,30.20779508849397,30.642924618070573
Partidos del GBA,Tres de Febrero,3,20017,0.9438477294299845,22.291170482710566,11.136119539746497
Partidos del GBA,Tres de Febrero,4,23373,0.7106062550806486,30.52153054819007,13.058456573050131
Partidos del GBA,Tres de Febrero,5,37694,0.653286995277763,44.999123557200804,11.9380069924128
Partidos del GBA,Tres de Febrero,6,46646,0.7421000728894225,73.40340484154092,15.73626995702545
Partidos del GBA,Tres de Febrero,7,59158,0.7264782447006322,112.74516440514768,19.058312384655952
Partidos del GBA,Tres de Febrero,8,62057,0.7052387321333613,114.00919006627218,18.37168894182319
Partidos del GBA,Tres de Febrero,9,56643,0.6917536147449818,119.65683865641508,21.124735387676335
Partidos del GBA,Tres de Febrero,10,17443,0.527604196525827,15.963199923989158,9.151636716154995
Partidos del GBA,Vicente López,1,1856,0,0,0
Partidos del GBA,Vicente López,2,3157,1,2.252319659621688,7.1343669927833
Partidos del GBA,Vicente López,3,3728,1,2.0454257207417395,5.486656976238572
Partidos del GBA,Vicente López,4,1330,1,1.5015464397477918,11.289822855246555
Partidos del GBA,Vicente López,5,4437,1,4.222434080608165,9.51641667930621
Partidos del GBA,Vicente López,6,2140,1,2.69317328569314,12.584921895762339
Partidos del GBA,Vicente López,7,15036,0.9681431231710561,120.16293997753033,79.91682626864215
Partidos del GBA,Vicente López,8,24799,0.5640146780112101,102.1284288944377,41.182478686413845
Partidos del GBA,Vicente López,9,69529,0.7206201728775044,953.7285147503551,137.1698880683391
Partidos del GBA,Vicente López,10,143408,0.6942499721075532,1295.6245824072862,90.34534910237129
Partidos del GBA,Vicente López,NA,0,NaN,1.6007007970516802,Inf
Posadas,Garupá,1,1344,0,0,0
Posadas,Garupá,3,3087,0.7978620019436345,2.0943045034010193,6.78427114804347
Posadas,Garupá,4,640,0,0,0
Posadas,Garupá,5,3421,1,11.021983463976811,32.21860118087346
Posadas,Garupá,6,2572,0.4358475894245723,4.263115081069525,16.575097515822414
Posadas,Garupá,7,454,1,2.1349064133478444,47.02437033805825
Posadas,Garupá,8,1347,0,0,0
Posadas,Posadas,1,28451,0.9402832940845665,69.86066712692899,24.554731688492136
Posadas,Posadas,2,28167,0.9609117051869208,85.1929708409914,30.24566721375773
Posadas,Posadas,3,28522,0.7931421358950985,36.13322615683492,12.668545739020727
Posadas,Posadas,4,30362,0.9209538238587708,80.70718991929759,26.581644792601804
Posadas,Posadas,5,33882,0.8364323239478189,123.41742311020232,36.42566056023916
Posadas,Posadas,6,28526,0.9243497160485171,123.00736968047485,43.12114200395248
Posadas,Posadas,7,30878,0.788198717533519,96.92965803684048,31.39117107223281
Posadas,Posadas,8,25146,0.7422651713990297,113.29834107138554,45.05620817282492
Posadas,Posadas,9,24060,0.9036159600997506,266.0974005338271,110.59742333076773
Posadas,Posadas,10,15592,1,343.27130775226817,220.1586119498898
Posadas,Posadas (Expansión),1,12993,0.7401677826521973,8.450996586129651,6.504268903355384
Posadas,Posadas (Expansión),2,9803,0.43088850351933083,5.476043668697589,5.586089634497183
Posadas,Posadas (Expansión),3,5814,1,11.045519019229326,18.99814072794862
Posadas,Posadas (Expansión),4,796,0,0,0
Posadas,Posadas (Expansión),5,720,0,0,0
Posadas,Posadas (Expansión),6,720,1,0.5392731058819685,7.489904248360674
Rawson - Trelew,Playa Unión,2,246,0,0,0
Rawson - Trelew,Playa Unión,4,858,1,3.321443259971356,38.71145990642606
Rawson - Trelew,Playa Unión,6,1026,0,0,0
Rawson - Trelew,Playa Unión,8,735,1,1.6076443021087443,21.87271159331625
Rawson - Trelew,Playa Unión,9,1897,0.6462836056931998,1.6076443021087443,8.474666853498915
Rawson - Trelew,Playa Unión,10,2013,0,0,0
Rawson - Trelew,Rawson,1,1100,0,0,0
Rawson - Trelew,Rawson,3,5139,0.49990270480638255,8.388925939002394,16.324043469551263
Rawson - Trelew,Rawson,4,5948,0.6007061197041023,2.9489387581387536,4.957866103125006
Rawson - Trelew,Rawson,5,5006,1,11.410998326124933,22.7946430805532
Rawson - Trelew,Rawson,6,1384,0.9978323699421965,5.788859444764402,41.82701910956938
Rawson - Trelew,Rawson,7,4620,0.8082251082251082,12.308058632225835,26.64081955027237
Rawson - Trelew,Rawson,8,1419,1,6.2939362531985505,44.354730466515505
Rawson - Trelew,Trelew,1,16289,0.4367978390324759,14.448020316643664,8.869801901064315
Rawson - Trelew,Trelew,2,14583,0.5884934512788864,36.352682660127314,24.92812360976981
Rawson - Trelew,Trelew,3,8849,0.7689004407277659,30.498043062182237,34.46495995274295
Rawson - Trelew,Trelew,4,7278,0.5490519373454246,19.535163962641768,26.841390440563025
Rawson - Trelew,Trelew,5,9271,0.3630676302448495,16.989027102184867,18.32491328032021
Rawson - Trelew,Trelew,6,11085,0.14361750112764998,15.27270506184228,13.77781241483291
Rawson - Trelew,Trelew,7,8467,0.38809495689146095,14.137943815673433,16.697701447588795
Rawson - Trelew,Trelew,8,8484,0.8081093823668081,48.58914569141317,57.27150600119421
Rawson - Trelew,Trelew,9,7699,0.5792960124691519,35.46955903900865,46.07034555008267
Rawson - Trelew,Trelew,10,5781,0.283169001902785,2.4452492960093077,4.229803314321584
Rawson - Trelew,Trelew,NA,129,0,0,0
Rio Cuarto,Las Higueras,4,1824,1,19.65573499147147,107.76170499710234
Rio Cuarto,Las Higueras,5,1241,1,19.65573499147147,158.38626101105132
Rio Cuarto,Las Higueras,6,717,1,9.53408005100973,132.97182776861547
Rio Cuarto,Las Higueras,7,733,1,10.12165494046174,138.0853334305831
Rio Cuarto,Las Higueras,9,769,1,53.052651802465114,689.8914408643058
Rio Cuarto,Las Higueras,10,401,1,53.052651802465114,1323.0087731288058
Rio Cuarto,Río Cuarto,1,21903,0.26087750536456195,4.747213743331981,2.167380606917765
Rio Cuarto,Río Cuarto,2,17764,0.44747804548525105,144.79480276326277,81.51024699575702
Rio Cuarto,Río Cuarto,3,19316,0.38004762890867677,80.25261432302256,41.54722215936143
Rio Cuarto,Río Cuarto,4,13861,0.606233316499531,171.18571870276241,123.50170889745503
Rio Cuarto,Río Cuarto,5,17346,0.5887236250432376,155.88899591481388,89.87028474277291
Rio Cuarto,Río Cuarto,6,15891,0.6346359574601976,85.10720425141686,53.556858757420464
Rio Cuarto,Río Cuarto,7,15141,0.5187900402879598,189.90381167919662,125.42355965867289
Rio Cuarto,Río Cuarto,8,15156,0.8786619160728424,147.39383964185143,97.25114782386609
Rio Cuarto,Río Cuarto,9,10728,0.6997576435495898,201.20994719161334,187.55587918681334
Rio Cuarto,Río Cuarto,10,9904,0.8416801292407108,59.37219186788846,59.947689688901924
Rio Gallegos,Río Gallegos,1,12122,0.4959577627454215,16.878901318102887,13.924188515181395
Rio Gallegos,Río Gallegos,2,9755,0.9405433111225013,16.236017981542645,16.643790857552688
Rio Gallegos,Río Gallegos,3,11861,0.5919399713346261,8.196805175839177,6.91072015499467
Rio Gallegos,Río Gallegos,4,9540,0.5814465408805032,12.693446780621585,13.30549977004359
Rio Gallegos,Río Gallegos,5,11183,0.6035053205758741,15.319354650069865,13.69878802653122
Rio Gallegos,Río Gallegos,6,10248,0.21965261514441842,5.265162986143119,5.137746863917954
Rio Gallegos,Río Gallegos,7,8688,0.35520257826887663,4.247346626198105,4.888750720762092
Rio Gallegos,Río Gallegos,8,9054,0.3468080406450188,9.157800439845584,10.114645946372415
Rio Gallegos,Río Gallegos,9,6812,0.48590722254844393,6.901181969591184,10.130918921889581
Rio Gallegos,Río Gallegos,10,6533,0.7293739476503903,19.317106248219382,29.5685079568642
Salta,Cerrillos,3,3235,1,1.9433492930918934,6.007262111566904
Salta,Cerrillos,4,5103,0.3766411914560063,2.666768109303713,5.225883028225971
Salta,Cerrillos,5,2374,1,1.9433492930918934,8.185970063571581
Salta,Cerrillos,6,1084,1,1.9433492930918934,17.92757650453776
Salta,La Ciénaga y Barrio San Rafael,1,1295,0,0,0
Salta,La Ciénaga y Barrio San Rafael,2,3022,0,0,0
Salta,Salta,1,67277,0.6031779062681154,111.04110653112754,16.505062135815738
Salta,Salta,2,64019,0.559724456801887,43.79041873522806,6.840222236402952
Salta,Salta,3,58590,0.5058371735791091,57.19943922373239,9.76266243791302
Salta,Salta,4,56715,0.5830027329630609,87.28623357470917,15.390325941057775
Salta,Salta,5,56910,0.6060446318748902,150.85137149044624,26.50700606052473
Salta,Salta,6,51704,0.7885463407086493,351.28344446480787,67.94125105694103
Salta,Salta,7,50145,0.8099311995213879,197.91978821864325,39.46949610502408
Salta,Salta,8,41778,0.8933649289099526,372.7368086434467,89.21844239634419
Salta,Salta,9,37792,0.9303820914479255,428.4740949627199,113.37693029284502
Salta,Salta,10,33943,0.9431105087941549,263.91491033356175,77.75238203269062
Salta,Salta,NA,184,1,9.581091526269482,520.7114959929066
Salta,Vaqueros,5,857,0,0,0
Salta,Vaqueros,6,1494,0,0,0
Salta,Vaqueros,7,931,0,0,0
Salta,Vaqueros,8,1293,0,0,0
Salta,Villa Los Álamos - El Congreso - Las Tunas - Los Pinares - Los Olmos,1,3147,0,0,0
Salta,Villa Los Álamos - El Congreso - Las Tunas - Los Pinares - Los Olmos,2,2302,0,0,0
Salta,Villa Los Álamos - El Congreso - Las Tunas - Los Pinares - Los Olmos,5,1398,1,0.9780599840217153,6.996137224761912
Salta,Villa Los Álamos - El Congreso - Las Tunas - Los Pinares - Los Olmos,6,1310,1,0.9780599840217153,7.46610674825737
San Luis - El Chorrillo,Juana Koslay,3,133,0,0,0
San Luis - El Chorrillo,Juana Koslay,5,1446,0,0,0
San Luis - El Chorrillo,Juana Koslay,6,1016,0,0,0
San Luis - El Chorrillo,Juana Koslay,7,2239,0.5216614560071461,0.8629181842204183,3.8540338732488535
San Luis - El Chorrillo,Juana Koslay,8,1874,0,0,0
San Luis - El Chorrillo,Juana Koslay,9,3400,0.415,0.8629181842204183,2.5379946594718183
San Luis - El Chorrillo,Juana Koslay,10,2359,0,0,0
San Luis - El Chorrillo,La Punta,1,16,0,0,0
San Luis - El Chorrillo,La Punta,3,726,1,2.830255564086884,38.98423641992954
San Luis - El Chorrillo,La Punta,4,843,1,14.646170290317945,173.73867485549164
San Luis - El Chorrillo,La Punta,5,1264,0,0,0
San Luis - El Chorrillo,La Punta,6,2085,0.45851318944844127,1.191229017621465,5.713328621685683
San Luis - El Chorrillo,La Punta,7,6326,0.6914321846348404,9.009670015297644,14.242285828798046
San Luis - El Chorrillo,La Punta,8,1335,0,0,0
San Luis - El Chorrillo,La Punta,10,587,0.9659284497444633,12.553376861394662,213.85650530484943
San Luis - El Chorrillo,La Punta,NA,0,NaN,0,NaN
San Luis - El Chorrillo,San Luis,1,25211,0.8012375550355004,96.81347811606895,38.401284406040595
San Luis - El Chorrillo,San Luis,2,26240,0.8054115853658537,136.84066418214604,52.14964336209834
San Luis - El Chorrillo,San Luis,3,19280,0.8310684647302905,226.88632650939886,117.67962993226081
San Luis - El Chorrillo,San Luis,4,19418,0.9644144608095582,221.7342155659592,114.19003788544609
San Luis - El Chorrillo,San Luis,5,18673,0.9477320194933861,323.5566012554104,173.27510376233622
San Luis - El Chorrillo,San Luis,6,15655,0.8836154583200255,233.49373238743678,149.1496214547664
San Luis - El Chorrillo,San Luis,7,11419,1,257.0729939613819,225.12741392537166
San Luis - El Chorrillo,San Luis,8,13329,1,477.48224887000947,358.2281107885134
San Luis - El Chorrillo,San Luis,9,11541,0.9079802443462438,242.56765624478004,210.17906268501866
San Luis - El Chorrillo,San Luis,10,9181,0.9114475547326,47.03628145687375,51.23219851527475
San Nicolas - Villa Constitución,Barrio Arroyo del Medio,4,310,0,0,0
San Nicolas - Villa Constitución,San Nicolás de los Arroyos,NA,0,NaN,4784.67134217656,Inf
San Nicolas - Villa Constitución,Villa Constitución,1,5878,0.26114324600204153,18.323156134570507,31.17243302921148
San Nicolas - Villa Constitución,Villa Constitución,2,6322,0.7589370452388484,19.85795951849178,31.410881870439383
San Nicolas - Villa Constitución,Villa Constitución,3,5791,1,39.56515605542875,68.32180289315964
San Nicolas - Villa Constitución,Villa Constitución,4,2634,0.7441154138192863,1.5027774768304196,5.7053055308671965
San Nicolas - Villa Constitución,Villa Constitución,5,4576,0.2521853146853147,0.7353757848697831,1.6070275019007496
San Nicolas - Villa Constitución,Villa Constitución,6,5627,0.48462768793317934,1.5348033839212731,2.7275695466878855
San Nicolas - Villa Constitución,Villa Constitución,7,4545,0.2565456545654565,0.7353757848697831,1.6179885255660793
San Nicolas - Villa Constitución,Villa Constitución,8,3823,0.49777661522364636,1.4707515697395661,3.8471137058319806
San Nicolas - Villa Constitución,Villa Constitución,9,3357,0.5022341376228776,1.4707515697395661,4.381148554481877
San Nicolas - Villa Constitución,Villa Constitución,10,3565,0.6608695652173913,2.2061273546093494,6.1882955248509095
Santa Rosa - Toay,Santa Rosa,1,13203,0.5866848443535561,133.75713448982674,101.30813791549402
Santa Rosa - Toay,Santa Rosa,2,10600,0.7109433962264151,92.77806051585362,87.52647218476757
Santa Rosa - Toay,Santa Rosa,3,12656,0.7115992414664981,93.00967359620779,73.49057648246507
Santa Rosa - Toay,Santa Rosa,4,11937,0.8321186227695401,147.14410257743987,123.26723848323688
Santa Rosa - Toay,Santa Rosa,5,10633,0.8075801749271136,164.09613569185572,154.32722250715292
Santa Rosa - Toay,Santa Rosa,6,11156,0.8248476156328434,161.82554387336376,145.05695937017188
Santa Rosa - Toay,Santa Rosa,7,9665,1,155.8256227728765,161.22671781984118
Santa Rosa - Toay,Santa Rosa,8,7978,0.8789170218099774,117.06088554018909,146.72961336198182
Santa Rosa - Toay,Santa Rosa,9,7039,1,246.54886773937787,350.2612128702626
Santa Rosa - Toay,Santa Rosa,10,7537,1,205.99259413109422,273.30847038754706
Santa Rosa - Toay,Santa Rosa,NA,0,NaN,1.7060711247602245,Inf
Santa Rosa - Toay,Toay,1,2737,1,58.85734271582505,215.043268965382
Santa Rosa - Toay,Toay,2,3119,1,113.28705942016536,363.21596479693926
Santa Rosa - Toay,Toay,3,1519,1,59.82521342942798,393.84603969340344
Santa Rosa - Toay,Toay,4,1042,1,45.71419270460063,438.7158608886817
Santa Rosa - Toay,Toay,5,211,1,31.329998027802397,1484.8340297536681
Santa Rosa - Toay,Toay,6,312,0,0,0
Santa Rosa - Toay,Toay,8,456,1,27.85113661373005,610.7705397747817
Santa Rosa - Toay,Toay,9,1315,1,83.55340984119015,635.3871470812938
Santa Rosa - Toay,Toay,10,421,1,27.85113661373005,661.5471879745854
Santiago del Estero - La Banda,El Zanjón,4,1226,0,0,0
Santiago del Estero - La Banda,El Zanjón,6,1064,0,0,0
Santiago del Estero - La Banda,La Banda,1,17837,0.07372315972416886,92.32480612769253,51.760277023990874
Santiago del Estero - La Banda,La Banda,2,14928,0.07402197213290461,0.6243702389186249,0.4182544472927551
Santiago del Estero - La Banda,La Banda,3,17362,0.06612141458357332,0.9323938031321857,0.5370313345998075
Santiago del Estero - La Banda,La Banda,4,9303,0,0,0
Santiago del Estero - La Banda,La Banda,5,10940,0,0,0
Santiago del Estero - La Banda,La Banda,6,8844,0.16655359565807326,0.6243702389186249,0.7059817265022895
Santiago del Estero - La Banda,La Banda,7,9432,0.4972434266327396,4.045921887233807,4.289569430909465
Santiago del Estero - La Banda,La Banda,8,7910,0.5236409608091024,4.978315690365992,6.293698723597967
Santiago del Estero - La Banda,La Banda,9,4981,0.4870507930134511,3.7295752125287427,7.487603317664611
Santiago del Estero - La Banda,Santiago del Estero,1,27489,0.4889955982392957,27.19265157913715,9.892193815394211
Santiago del Estero - La Banda,Santiago del Estero,2,27450,0.42775956284153005,129.33093587824985,47.11509503761379
Santiago del Estero - La Banda,Santiago del Estero,3,25100,0.716215139442231,159.9581563123536,63.72834912842773
Santiago del Estero - La Banda,Santiago del Estero,4,25440,0.6147798742138365,50.17597034973688,19.72325878527393
Santiago del Estero - La Banda,Santiago del Estero,5,28405,0.7795458546030628,139.05392216200664,48.95402998134365
Santiago del Estero - La Banda,Santiago del Estero,6,26888,0.7063745908955668,99.72656294825443,37.08961728215354
Santiago del Estero - La Banda,Santiago del Estero,7,23576,0.7752799457074991,54.90149892163316,23.287028724818953
Santiago del Estero - La Banda,Santiago del Estero,8,22902,0.9297004628416732,77.67050488414156,33.91428909446405
Santiago del Estero - La Banda,Santiago del Estero,9,21920,0.8576642335766423,388.42177469505214,177.19971473314425
Santiago del Estero - La Banda,Santiago del Estero,10,22104,0.949466159971046,1368.4608029647986,619.1009785399922
Ushuaia - Rio Grande,Río Grande,1,10071,0.3837751961076358,1.5195649032378102,1.5088520536568466
Ushuaia - Rio Grande,Río Grande,2,10413,0.44511668107173724,5.7452810558701985,5.5174119426392
Ushuaia - Rio Grande,Río Grande,3,6940,0.5455331412103747,4.965662787150428,7.155133699064018
Ushuaia - Rio Grande,Río Grande,4,7852,0.8569791136016301,5.361417231212964,6.828091226710346
Ushuaia - Rio Grande,Río Grande,5,7318,0.5173544684339983,4.685496270823084,6.402700561387105
Ushuaia - Rio Grande,Río Grande,6,4062,0.24766125061546038,0.5788683653630317,1.4250821402339529
Ushuaia - Rio Grande,Río Grande,7,9664,0.5928187086092715,4.759834140009852,4.925325062096287
Ushuaia - Rio Grande,Río Grande,8,2780,0.5496402877697841,2.757565407344769,9.919300026420032
Ushuaia - Rio Grande,Río Grande,9,6488,0.5799938347718866,3.77999380100813,5.826131012651249
Ushuaia - Rio Grande,Río Grande,10,887,1,1.8792749219214544,21.186864959655633
Ushuaia - Rio Grande,Ushuaia,1,3944,0,0,0
Ushuaia - Rio Grande,Ushuaia,2,935,0,0,0
Ushuaia - Rio Grande,Ushuaia,3,6141,0,0,0
Ushuaia - Rio Grande,Ushuaia,4,4940,0,0,0
Ushuaia - Rio Grande,Ushuaia,5,5509,0.3819204937375204,14.903695342142303,27.053358762284084
Ushuaia - Rio Grande,Ushuaia,6,9225,0.36932249322493227,8.64318410907369,9.369305267288553
Ushuaia - Rio Grande,Ushuaia,7,4308,0.63347260909935,18.410094275117835,42.73466637678235
Ushuaia - Rio Grande,Ushuaia,8,8062,0.4359960307615976,20.467858512879054,25.38806563244735
Ushuaia - Rio Grande,Ushuaia,9,5438,0.6951084957705038,28.317639776855998,52.073629600691426
Ushuaia - Rio Grande,Ushuaia,10,8091,0.48584847361265604,14.848744935020902,18.35217517614745
Viedma - Carmen de Patagones,Carmen de Patagones,1,3124,0.4871959026888604,0.9111967433175072,2.9167629427577055
Viedma - Carmen de Patagones,Carmen de Patagones,2,3628,1,10.483614274292055,28.896400976549216
Viedma - Carmen de Patagones,Carmen de Patagones,3,2035,1,9.629593405343554,47.31986931372754
Viedma - Carmen de Patagones,Carmen de Patagones,4,3328,1,17.831064222130852,53.57891893669127
Viedma - Carmen de Patagones,Carmen de Patagones,5,1543,1,10.586872494725402,68.6122650338652
Viedma - Carmen de Patagones,Carmen de Patagones,6,3479,1,33.99296591734469,97.70901384692351
Viedma - Carmen de Patagones,Carmen de Patagones,7,757,1,41.62412603186919,549.8563544500553
Viedma - Carmen de Patagones,Carmen de Patagones,8,1749,1,40.76996561328625,233.1044346099843
Viedma - Carmen de Patagones,Carmen de Patagones,9,855,1,9.880347055232024,115.55961468107631
Viedma - Carmen de Patagones,Carmen de Patagones,10,35,0,0,0
Viedma - Carmen de Patagones,Viedma,1,6101,1,32.44145959394404,53.17400359604005
Viedma - Carmen de Patagones,Viedma,2,5209,1,40.28284401630006,77.3331618665772
Viedma - Carmen de Patagones,Viedma,3,6055,0.8112303881090008,40.798305405319404,67.37952998401224
Viedma - Carmen de Patagones,Viedma,4,5211,1,51.87092582537004,99.54121248391871
Viedma - Carmen de Patagones,Viedma,5,7921,1,95.73784369652323,120.86585493816845
Viedma - Carmen de Patagones,Viedma,6,2856,0.9723389355742297,79.09374424136159,276.93888039692433
Viedma - Carmen de Patagones,Viedma,7,6884,1,227.23870169876133,330.096893809938
Viedma - Carmen de Patagones,Viedma,8,4482,0.9176706827309237,166.99132818875836,372.5821690958464
Viedma - Carmen de Patagones,Viedma,9,4256,0.8890977443609023,290.15730442362917,681.7605837021362
Viedma - Carmen de Patagones,Viedma,10,3814,1,234.0833094504816,613.747533955117
